CREATE DATABASE  IF NOT EXISTS `mydb` /*!40100 DEFAULT CHARACTER SET utf8mb3 */ /*!80016 DEFAULT ENCRYPTION='N' */;
USE `mydb`;
-- MySQL dump 10.13  Distrib 8.0.36, for Win64 (x86_64)
--
-- Host: localhost    Database: mydb
-- ------------------------------------------------------
-- Server version	8.0.36-0ubuntu0.22.04.1

/*!40101 SET @OLD_CHARACTER_SET_CLIENT=@@CHARACTER_SET_CLIENT */;
/*!40101 SET @OLD_CHARACTER_SET_RESULTS=@@CHARACTER_SET_RESULTS */;
/*!40101 SET @OLD_COLLATION_CONNECTION=@@COLLATION_CONNECTION */;
/*!50503 SET NAMES utf8 */;
/*!40103 SET @OLD_TIME_ZONE=@@TIME_ZONE */;
/*!40103 SET TIME_ZONE='+00:00' */;
/*!40014 SET @OLD_UNIQUE_CHECKS=@@UNIQUE_CHECKS, UNIQUE_CHECKS=0 */;
/*!40014 SET @OLD_FOREIGN_KEY_CHECKS=@@FOREIGN_KEY_CHECKS, FOREIGN_KEY_CHECKS=0 */;
/*!40101 SET @OLD_SQL_MODE=@@SQL_MODE, SQL_MODE='NO_AUTO_VALUE_ON_ZERO' */;
/*!40111 SET @OLD_SQL_NOTES=@@SQL_NOTES, SQL_NOTES=0 */;

--
-- Table structure for table `admin_reply`
--

DROP TABLE IF EXISTS `admin_reply`;
/*!40101 SET @saved_cs_client     = @@character_set_client */;
/*!50503 SET character_set_client = utf8mb4 */;
CREATE TABLE `admin_reply` (
  `id` int unsigned NOT NULL AUTO_INCREMENT,
  `admin_id` int unsigned NOT NULL,
  `feedback_id` int unsigned NOT NULL,
  `body` varchar(1000) NOT NULL,
  `timestamp` datetime NOT NULL DEFAULT CURRENT_TIMESTAMP,
  `user_read` tinyint(1) NOT NULL DEFAULT '0',
  PRIMARY KEY (`id`),
  UNIQUE KEY `idadmin_reply_UNIQUE` (`id`),
  KEY `admin_id_idx` (`admin_id`),
  KEY `feedback_id_idx` (`feedback_id`),
  CONSTRAINT `admin_id` FOREIGN KEY (`admin_id`) REFERENCES `users` (`id`) ON DELETE CASCADE ON UPDATE CASCADE,
  CONSTRAINT `feedback_id` FOREIGN KEY (`feedback_id`) REFERENCES `feedback` (`id`) ON DELETE CASCADE ON UPDATE CASCADE
) ENGINE=InnoDB AUTO_INCREMENT=47 DEFAULT CHARSET=utf8mb3;
/*!40101 SET character_set_client = @saved_cs_client */;

--
-- Dumping data for table `admin_reply`
--

LOCK TABLES `admin_reply` WRITE;
/*!40000 ALTER TABLE `admin_reply` DISABLE KEYS */;
INSERT INTO `admin_reply` VALUES (1,51,33,'ok can','2024-03-30 11:27:24',1),(2,51,34,'another reply','2024-03-30 13:27:40',1),(4,40,36,'0','2024-04-01 15:59:57',0),(6,40,26,'0','2024-04-01 16:03:08',0),(8,40,37,'Keep waiting','2024-04-01 16:07:26',1),(10,40,39,'SIR WE RENT OUT MOVIES','2024-04-01 16:08:27',1),(11,40,40,'我不好','2024-04-01 16:11:40',1),(12,40,41,'什么是haul可以讲华语吗？','2024-04-01 16:14:25',1),(13,40,35,'bro what do u think do u really think we sell popcorn here if u checked the homepage it says we rent out movies if u check about us it also says we rent out movies what makes u think we have popcorn or the means to procure popcorn we are merely a team of 5 trying to rent out movies man ','2024-04-01 16:18:25',1),(14,40,38,'sure, drop as an email','2024-04-01 18:38:33',1),(15,40,43,'shut up la','2024-04-01 19:16:35',1),(16,40,46,'hello shermaine','2024-04-02 06:55:34',1),(17,40,45,'no','2024-04-02 06:55:40',0),(18,40,44,'bye','2024-04-02 06:55:49',1),(19,40,48,'hi - scott jones','2024-04-02 06:56:04',0),(20,40,47,'i did not ask','2024-04-02 06:56:15',0),(21,40,56,'hello','2024-04-02 07:32:19',0),(23,51,76,'he','2024-04-02 15:23:22',0),(24,40,68,'no go away','2024-04-02 17:10:44',0),(25,51,47,'im bad','2024-04-03 08:03:22',0),(26,51,38,'no cannot','2024-04-03 08:05:04',1),(27,51,77,'very unwell','2024-04-03 08:07:20',1),(28,51,77,'This is not therapy session','2024-04-03 08:07:44',1),(29,51,77,'ni hao bu hao? ','2024-04-03 08:08:05',1),(30,40,81,'test','2024-04-03 16:53:16',1),(31,40,80,'it crashes the site','2024-04-04 06:04:40',1),(32,51,89,'Thank you so much! We\'re delighted to hear that you\'re enjoying our movie selection. Happy watching!','2024-04-04 12:23:51',1),(33,51,87,'Our current focus is on providing a curated selection of movies to our users. However, we constantly review and update our offerings based on user feedback and demand. Your input is valuable to us and we\'ll take it into consideration for future updates. Thank you for reaching out!','2024-04-04 12:24:41',1),(34,51,90,'What','2024-04-04 16:06:34',0),(35,51,88,'Hang on, we\'ll try!','2024-04-04 16:07:37',1),(36,40,92,'kk','2024-04-04 16:10:34',1),(37,51,98,'TLB: Translation look-aside buffer. It is a special fast-lookup hardware cache that uses associative memory (parallel search). Some TLBs store address-space identifiers (ASIDs) in each TLB entry - this enables pages that belong to multiple processes to co-exist (as it can help to identify different processes). Otherwise, we would have to flush TLB at every context switch between processes.','2024-04-05 10:02:28',1),(38,51,94,'Thank you for your inquiry! While we don\'t offer popcorn for sale on our platform, we appreciate your interest in enjoying movies with a snack. Our focus is on providing a seamless movie rental experience, offering a wide selection of films for your entertainment. If you have any questions or need assistance with selecting a movie, please don\'t hesitate to reach out. We\'re here to help enhance your movie-watching experience in any way we can. Enjoy your movie night!','2024-04-05 10:03:39',1),(41,72,99,'Thank you! Hi Prof, can we get A please? Have a nice day!','2024-04-05 10:12:43',1),(42,40,98,'reply twice','2024-04-05 12:25:12',1),(43,40,98,'test','2024-04-05 12:28:33',1),(44,40,98,'unamused','2024-04-05 12:32:42',1),(45,51,89,'Mobile testing','2024-04-05 13:10:28',1),(46,51,80,'reply test','2024-04-05 13:10:46',1);
/*!40000 ALTER TABLE `admin_reply` ENABLE KEYS */;
UNLOCK TABLES;

--
-- Table structure for table `cart_items`
--

DROP TABLE IF EXISTS `cart_items`;
/*!40101 SET @saved_cs_client     = @@character_set_client */;
/*!50503 SET character_set_client = utf8mb4 */;
CREATE TABLE `cart_items` (
  `id` int unsigned NOT NULL AUTO_INCREMENT,
  `users_id` int unsigned NOT NULL,
  `movies_id` int unsigned NOT NULL,
  PRIMARY KEY (`users_id`,`id`,`movies_id`),
  UNIQUE KEY `id_UNIQUE` (`id`),
  KEY `fk_users_has_movies_movies1` (`movies_id`),
  CONSTRAINT `fk_users_has_movies_movies1` FOREIGN KEY (`movies_id`) REFERENCES `movies` (`id`) ON DELETE CASCADE ON UPDATE CASCADE,
  CONSTRAINT `fk_users_has_movies_users1` FOREIGN KEY (`users_id`) REFERENCES `users` (`id`) ON DELETE CASCADE ON UPDATE CASCADE
) ENGINE=InnoDB AUTO_INCREMENT=307 DEFAULT CHARSET=utf8mb3;
/*!40101 SET character_set_client = @saved_cs_client */;

--
-- Dumping data for table `cart_items`
--

LOCK TABLES `cart_items` WRITE;
/*!40000 ALTER TABLE `cart_items` DISABLE KEYS */;
INSERT INTO `cart_items` VALUES (38,44,259),(76,51,220),(136,53,252),(149,40,256),(150,40,256),(151,40,253),(152,40,251),(153,40,250),(201,40,105),(205,39,259),(211,51,252),(213,39,259),(243,40,206),(244,40,177),(246,40,194),(247,40,194),(256,69,248),(257,69,248),(262,4,259),(263,4,196),(264,4,94),(265,40,251),(272,69,251),(280,69,235),(283,4,254),(285,69,255),(286,40,232),(293,64,256),(294,64,269),(295,64,253),(300,73,259),(301,73,247),(302,73,227),(305,74,269),(306,74,254);
/*!40000 ALTER TABLE `cart_items` ENABLE KEYS */;
UNLOCK TABLES;

--
-- Table structure for table `directors`
--

DROP TABLE IF EXISTS `directors`;
/*!40101 SET @saved_cs_client     = @@character_set_client */;
/*!50503 SET character_set_client = utf8mb4 */;
CREATE TABLE `directors` (
  `id` int unsigned NOT NULL AUTO_INCREMENT,
  `lname` varchar(255) NOT NULL,
  PRIMARY KEY (`id`),
  UNIQUE KEY `director_id_UNIQUE` (`id`)
) ENGINE=InnoDB AUTO_INCREMENT=392 DEFAULT CHARSET=utf8mb3;
/*!40101 SET character_set_client = @saved_cs_client */;

--
-- Dumping data for table `directors`
--

LOCK TABLES `directors` WRITE;
/*!40000 ALTER TABLE `directors` DISABLE KEYS */;
INSERT INTO `directors` VALUES (1,'jordan'),(2,'Jang Jae-hyun'),(3,'Mike Mitchell'),(4,' Stephanie Stine'),(37,'Frank Darabont'),(38,'Francis Ford Coppola'),(39,'Steven Spielberg'),(40,'Sidney Lumet'),(41,'Hayao Miyazaki'),(42,'Aditya Chopra'),(43,'Christopher Nolan'),(44,'Bong Joon-ho'),(45,'Makoto Shinkai'),(46,'Quentin Tarantino'),(47,'Peter Jackson'),(48,'Robert Zemeckis'),(49,'Martin Scorsese'),(50,'Sergio Leone'),(51,'Isao Takahata'),(52,'Giuseppe Tornatore'),(53,'Roberto Benigni'),(54,'Akira Kurosawa'),(55,'Paul King'),(252,'Shouko Nakamura'),(253,'Genndy Tartakovsky'),(254,'David Fincher'),(255,'Paul Dugdale'),(256,'Alfred Hitchcock'),(257,'Fernando Meirelles'),(258,'Tosca Musk'),(259,'Ernesto Contreras'),(260,'Miloš Forman'),(261,'Christopher Zalla'),(262,'Rodney Rothman'),(263,'Peter Ramsey'),(264,'Bob Persichetti'),(265,'Lee Joon-ik'),(266,'Guel Arraes'),(267,'Denis Villeneuve'),(268,'Irvin Kershner'),(269,'MTJJ'),(270,'Naoko Yamada'),(271,'Damien Chazelle'),(272,'Roman Polanski'),(273,'Joaquim Dos Santos'),(274,'Justin K. Thompson'),(275,'Kemp Powers'),(276,'Masaki Kobayashi'),(277,'Masato Jimbo'),(278,'Jonathan Demme'),(279,'Tony Kaye'),(280,'Takahiro Omori'),(281,'Charlie Chaplin'),(282,'Jorge Ulloa'),(283,'Billy Wilder'),(284,'Peter Weir'),(285,'Dan Abraham'),(286,'Trent Correy'),(287,'Hideaki Anno'),(288,'Kazuya Tsurumaki'),(289,'Luc Besson'),(290,'Satoshi Kon'),(291,'Kou Matsuo'),(292,'Paola Cortellesi'),(293,'Mitja Okorn'),(294,'Éric Toledano'),(295,'Olivier Nakache'),(296,'Jacques Becker'),(297,'Kotaro Tamura'),(298,'Peter Baynton'),(299,'Charlie Mackesy'),(300,'Hikaru Yamaguchi'),(301,'Hiroshi Teshigahara'),(302,'Justin Baldoni'),(303,'Stanley Kubrick'),(304,'Frank Capra'),(305,'Mehmet Ada Öztekin'),(306,'Elem Klimov'),(307,'Park Chan-wook'),(308,'Taichi Ishidate'),(309,'Roger Allers'),(310,'Rob Minkoff'),(311,'Anthony Russo'),(312,'Joe Russo'),(313,'Mahiro Maeda'),(314,'Katsuichi Nakayama'),(315,'Matt Peters'),(316,'Christina Sotta'),(317,'Sergio Pablos'),(318,'Joel Crawford'),(319,'Peter Farrelly'),(320,'Souichi Masui'),(321,'Xavier Dolan'),(322,'Ettore Scola'),(323,'Shinichiro Ushijima'),(324,'Haruo Sotozaki'),(325,'Joseph Kosinski'),(326,'Mamoru Hosoda'),(327,'Ridley Scott'),(328,'Lee Unkrich'),(329,'Lilly Wachowski'),(330,'Lana Wachowski'),(331,'Simon Curtis'),(332,'Ernst Lubitsch'),(333,'Tomm Moore'),(334,'Ross Stewart'),(335,'Thomas Kail'),(336,'Rebecca Sugar'),(337,'George Lucas'),(338,'Sunghoo Park'),(339,'Tate Taylor'),(340,'Vittorio De Sica'),(341,'Dino Risi'),(342,'Haruka Fujita'),(343,'Ingmar Bergman'),(344,'Bang Woo-ri'),(345,'Mel Gibson'),(346,'Bryan Singer'),(347,'Elio Petri'),(348,'Kenji Nagasaki'),(349,'Nick Hurran'),(350,'Mari Okada'),(351,'Derek Tsang Kwok-Cheung'),(352,'Luis Mandoki'),(353,'Andrei Tarkovsky'),(354,'Brian De Palma'),(355,'Zack Snyder'),(356,'Yasujirō Ozu'),(357,'Federico Fellini'),(358,'Todd Phillips'),(359,'Michael Curtiz'),(360,'Stanley Donen'),(361,'Gene Kelly'),(362,'Ericson Core'),(363,'Gus Van Sant'),(364,'Nadine Labaki'),(365,'Alan Barillaro'),(366,'Luca Guadagnino'),(367,'Walter Salles'),(368,'Elizabeth Allen Rosenbaum'),(369,'Hwang Dong-hyuk'),(370,'Céline Sciamma'),(371,'Stephen Chbosky'),(372,'Fritz Lang'),(373,'Thomas Astruc'),(374,'Pete Docter'),(375,'George Tillman Jr.'),(376,'Fisher Stevens'),(377,'Florian Zeller'),(378,'Oriol Paulo'),(379,'Guillermo del Toro'),(380,'Mark Gustafson'),(381,'James Bond'),(382,'spaghetti'),(383,'pasta'),(384,'french fries'),(385,' what the'),(386,'testtresytatasst'),(387,'123'),(388,'Test'),(389,'Jordan Chan'),(390,'hi'),(391,'me');
/*!40000 ALTER TABLE `directors` ENABLE KEYS */;
UNLOCK TABLES;

--
-- Table structure for table `feedback`
--

DROP TABLE IF EXISTS `feedback`;
/*!40101 SET @saved_cs_client     = @@character_set_client */;
/*!50503 SET character_set_client = utf8mb4 */;
CREATE TABLE `feedback` (
  `id` int unsigned NOT NULL AUTO_INCREMENT,
  `name` varchar(255) DEFAULT NULL,
  `users_id` int unsigned DEFAULT NULL,
  `email` varchar(255) DEFAULT NULL,
  `message` varchar(2000) NOT NULL,
  `read` tinyint(1) NOT NULL DEFAULT '0',
  `replied` tinyint(1) NOT NULL DEFAULT '0',
  `timestamp` datetime NOT NULL DEFAULT CURRENT_TIMESTAMP,
  PRIMARY KEY (`id`),
  UNIQUE KEY `idfeedback_UNIQUE` (`id`),
  KEY `users_id_idx` (`users_id`),
  CONSTRAINT `users_id` FOREIGN KEY (`users_id`) REFERENCES `users` (`id`) ON DELETE CASCADE ON UPDATE CASCADE
) ENGINE=InnoDB AUTO_INCREMENT=103 DEFAULT CHARSET=utf8mb3;
/*!40101 SET character_set_client = @saved_cs_client */;

--
-- Dumping data for table `feedback`
--

LOCK TABLES `feedback` WRITE;
/*!40000 ALTER TABLE `feedback` DISABLE KEYS */;
INSERT INTO `feedback` VALUES (21,'Crystal Poon',NULL,'crystal.pmh@outlook.com','plsplspslpsls',0,0,'2024-03-26 16:57:54'),(22,'Crystal Poon',NULL,'crystal.pmh@outlook.com','badadadada',0,0,'2024-03-26 16:58:52'),(23,NULL,44,NULL,'hello world',1,0,'2024-03-27 06:47:25'),(24,NULL,44,NULL,'this is kiefer',1,0,'2024-03-27 06:52:45'),(26,'John Tan',NULL,'crystal.pmh@outlook.com','Test',1,1,'2024-03-30 07:48:10'),(32,'John Tan',NULL,'crystal.pmh@outlook.com','hello',1,0,'2024-03-30 10:24:55'),(33,NULL,53,NULL,'i like movies',1,1,'2024-03-30 10:39:33'),(34,NULL,53,NULL,'another feedback',1,1,'2024-03-30 11:35:53'),(35,NULL,53,NULL,'Hi can I buy popcorn from here?',1,1,'2024-04-01 14:57:40'),(36,NULL,53,NULL,'is this gv? where can i buy gv tickets from :D',1,0,'2024-04-01 15:10:06'),(37,NULL,53,NULL,'this is not shaw? im still waiting to receive my tickets man',1,1,'2024-04-01 15:24:14'),(38,NULL,53,NULL,'can i sell my movie here?',1,1,'2024-04-01 15:24:24'),(39,NULL,40,NULL,'How do i get a kebab?',1,1,'2024-04-01 16:08:02'),(40,'jordan22',40,NULL,'ni hao',1,1,'2024-04-01 16:11:21'),(41,NULL,40,NULL,'LETS GO HAUL',1,1,'2024-04-01 16:13:43'),(42,NULL,53,NULL,'sorry i cant read so where can i get popcorn?',0,0,'2024-04-01 17:13:50'),(43,'jordan22',40,NULL,'testest',1,1,'2024-04-01 18:39:04'),(44,'crystal',51,NULL,'hello',1,1,'2024-04-02 05:05:41'),(45,'Popcorn Lover',NULL,'crystal.pmh@outlook.com','FEEDBACK TESTING',1,1,'2024-04-02 06:21:35'),(46,'shermaine',39,NULL,'hello world',1,1,'2024-04-02 06:38:00'),(47,'Movie Lover',NULL,'crystal.pmh@outlook.com','testing feedback.\r\nHow&#039;s your day? i&#039;m good',1,1,'2024-04-02 06:39:20'),(48,'Movie Lover',NULL,'crystal.pmh@outlook.com','Some feedback testing. Hi prof!',1,1,'2024-04-02 06:41:58'),(56,'Crystal Poon',NULL,'crystal.pmh@outlook.com','elo',1,1,'2024-04-02 07:22:45'),(57,'Crystal Poon',NULL,'crystal.pmh@outlook.com','123',0,0,'2024-04-02 07:33:26'),(58,'Crystal Poon',NULL,'crystal.pmh@outlook.com','ello my email photo not showing up m very sad',0,0,'2024-04-02 07:53:33'),(68,'Crystal Poon',NULL,'crystal.pmh@outlook.com','harro is there pokemon?',1,1,'2024-04-02 12:39:07'),(69,'Crystal Poon',NULL,'crystal.pmh@outlook.com','POTATO CHIPS ARE FATTENING',0,0,'2024-04-02 12:40:11'),(70,'Crystal Poon',NULL,'crystal.pmh@outlook.com','sorryitsmeagain',0,0,'2024-04-02 12:44:16'),(71,'Crystal Poon',NULL,'crystal.pmh@outlook.com','asdasdasd',0,0,'2024-04-02 12:45:30'),(72,'Crystal Poon',NULL,'crystal.pmh@outlook.com','asd',0,0,'2024-04-02 12:46:26'),(73,'Crystal Poon',NULL,'crys.pmh@gmail.com','hello gmail client',1,0,'2024-04-02 12:48:29'),(74,'Crystal Poon',NULL,'crystal.pmh@outlook.com','hello outlook',0,0,'2024-04-02 12:49:14'),(75,'Crystal Poon',NULL,'crystal.pmh@outlook.com','outlook client',0,0,'2024-04-02 12:51:02'),(76,'Crystal Poon',NULL,'crystal.pmh@outlook.com','outlook',1,1,'2024-04-02 12:56:46'),(77,'crystalishungry',53,NULL,'How is everything going',1,1,'2024-04-02 14:22:40'),(79,'crystalishungry',53,NULL,'&lt;script&gt;alert(123)&lt;/script&gt;',0,0,'2024-04-03 13:52:25'),(80,'crystalishungry',53,NULL,'&quot;&gt;&lt;script&gt;alert(document.cookie)&lt;/script&gt;',1,1,'2024-04-03 13:53:01'),(81,'jordan22',40,NULL,'test',1,1,'2024-04-03 14:47:14'),(82,'jordan22',40,NULL,'wo bu zhi dao',0,0,'2024-04-04 06:04:16'),(83,'Crystal',NULL,'crystal.pmh@outlook.com','Hi, may I know if Dune: Part Two will be available for rental soon?',0,0,'2024-04-04 10:44:25'),(84,'Doraemon',NULL,'crystal.pmh@outlook.com','Will you have Doraemon the Movie: Nobita&#039;s Earth Symphony (2024)?',0,0,'2024-04-04 10:50:39'),(85,'crystalishungry',53,NULL,'Will you be releasing Oppenheimer?',0,0,'2024-04-04 11:00:27'),(86,'crystalishungry',53,NULL,'I prefer Netflix',0,0,'2024-04-04 12:20:20'),(87,'crystalishungry',53,NULL,'Why are there no TV series offered on this site?',1,1,'2024-04-04 12:20:35'),(88,'crystalishungry',53,NULL,'Are there more work by Christopher Nolan?',1,1,'2024-04-04 12:21:00'),(89,'crystalishungry',53,NULL,'Your movie selection is amazing!',1,1,'2024-04-04 12:22:36'),(90,'SjionAGSibjgasbgsaojip',NULL,'123@123.com','ok bro',1,1,'2024-04-04 16:05:50'),(91,'kk',NULL,'kk@kk.com','twest',1,0,'2024-04-04 16:10:07'),(92,'jordan22',40,NULL,'test',1,1,'2024-04-04 16:10:28'),(93,'user',73,NULL,'When will the next batch of movies be released?',0,0,'2024-04-05 09:04:06'),(94,'user',73,NULL,'Do you sell popcorn here so that I can watch the movies with a snack?',1,1,'2024-04-05 09:16:34'),(95,'user',73,NULL,'Do you have The Room (2003)? Greatest movie of all time.',0,0,'2024-04-05 09:23:18'),(96,'crystalishungry',53,NULL,'Love your site! It&#039;s beautiful and easy to navigate. Great movie selection!',0,0,'2024-04-05 09:24:28'),(97,'crystal',51,NULL,'What is the difference between internal vs external fragmentation? \r\nExternal Fragmentation: total memory space exists to satisfy a request, but not contiguous. Compaction is used to reduce such fragmentation by shuffling memory contents to place all free memory together.\r\nInternal Fragmentation: allocated memory may be slightly larger than requested memory. The size difference is memory that is internal to a partition but not being used. \r\nFirst fit analysis reveals that given N blocks allocated, 0.5 N is lost to fragmentation - which means that 1/3 is unusable.',0,0,'2024-04-05 09:32:42'),(98,'jordan22',40,NULL,'why is crystal spamming the site',1,1,'2024-04-05 09:56:26'),(99,'user',73,NULL,'Your site is beautiful!',1,1,'2024-04-05 10:08:12'),(101,'jordan22',40,NULL,'why does crystal want to delete the movie illit',0,0,'2024-04-05 14:24:13'),(102,'anon',NULL,'000000@sit.singaporetech.edu.sg','Prof Scott I recommend that you give this site an A',1,0,'2024-04-06 11:53:19');
/*!40000 ALTER TABLE `feedback` ENABLE KEYS */;
UNLOCK TABLES;

--
-- Table structure for table `genres`
--

DROP TABLE IF EXISTS `genres`;
/*!40101 SET @saved_cs_client     = @@character_set_client */;
/*!50503 SET character_set_client = utf8mb4 */;
CREATE TABLE `genres` (
  `id` int unsigned NOT NULL AUTO_INCREMENT,
  `name` varchar(45) NOT NULL,
  PRIMARY KEY (`id`),
  UNIQUE KEY `genre_id_UNIQUE` (`id`)
) ENGINE=InnoDB AUTO_INCREMENT=20 DEFAULT CHARSET=utf8mb3;
/*!40101 SET character_set_client = @saved_cs_client */;

--
-- Dumping data for table `genres`
--

LOCK TABLES `genres` WRITE;
/*!40000 ALTER TABLE `genres` DISABLE KEYS */;
INSERT INTO `genres` VALUES (1,'Action'),(2,'Adventure'),(3,'Animation'),(4,'Comedy'),(5,'Crime'),(6,'Documentary'),(7,'Drama'),(8,'Family'),(9,'Fantasy'),(10,'History'),(11,'Horror'),(12,'Music'),(13,'Mystery'),(14,'Romance'),(15,'Science Fiction'),(16,'TV Movie'),(17,'Thriller'),(18,'War'),(19,'Western');
/*!40000 ALTER TABLE `genres` ENABLE KEYS */;
UNLOCK TABLES;

--
-- Table structure for table `languages`
--

DROP TABLE IF EXISTS `languages`;
/*!40101 SET @saved_cs_client     = @@character_set_client */;
/*!50503 SET character_set_client = utf8mb4 */;
CREATE TABLE `languages` (
  `id` int unsigned NOT NULL AUTO_INCREMENT,
  `name` varchar(45) NOT NULL,
  `iso` varchar(45) NOT NULL,
  PRIMARY KEY (`id`),
  UNIQUE KEY `language_id_UNIQUE` (`id`)
) ENGINE=InnoDB AUTO_INCREMENT=188 DEFAULT CHARSET=utf8mb3;
/*!40101 SET character_set_client = @saved_cs_client */;

--
-- Dumping data for table `languages`
--

LOCK TABLES `languages` WRITE;
/*!40000 ALTER TABLE `languages` DISABLE KEYS */;
INSERT INTO `languages` VALUES (1,'Bislama','bi'),(2,'Czech','cs'),(3,'Bashkir','ba'),(4,'Avestan','ae'),(5,'Avaric','av'),(6,'German','de'),(7,'Maltese','mt'),(8,'Oromo','om'),(9,'Raeto-Romance','rm'),(10,'Somali','so'),(11,'Tsonga','ts'),(12,'Vietnamese','vi'),(13,'Guarani','gn'),(14,'Igbo','ig'),(15,'Italian','it'),(16,'Kikuyu','ki'),(17,'Kurdish','ku'),(18,'Latin','la'),(19,'Lingala','ln'),(20,'Letzeburgesch','lb'),(21,'Chichewa; Nyanja','ny'),(22,'Polish','pl'),(23,'Sinhalese','si'),(24,'Tonga','to'),(25,'Azerbaijani','az'),(26,'Chechen','ce'),(27,'Slavic','cu'),(28,'Danish','da'),(29,'Herero','hz'),(30,'Interlingue','ie'),(31,'Kinyarwanda','rw'),(32,'Maori','mi'),(33,'Norwegian','no'),(34,'Pali','pi'),(35,'Slovak','sk'),(36,'Northern Sami','se'),(37,'Samoan','sm'),(38,'Ukrainian','uk'),(39,'English','en'),(40,'Aymara','ay'),(41,'Catalan','ca'),(42,'Esperanto','eo'),(43,'Hausa','ha'),(44,'Hiri Motu','ho'),(45,'Hungarian','hu'),(46,'Ido','io'),(47,'Yi','ii'),(48,'Kannada','kn'),(49,'Komi','kv'),(50,'Limburgish','li'),(51,'Ojibwa','oj'),(52,'Russian','ru'),(53,'Serbian','sr'),(54,'Swedish','sv'),(55,'Tahitian','ty'),(56,'Zulu','zu'),(57,'Georgian','ka'),(58,'Chamorro','ch'),(59,'Belarusian','be'),(60,'Breton','br'),(61,'Cornish','kw'),(62,'Finnish','fi'),(63,'Serbo-Croatian','sh'),(64,'Norwegian Nynorsk','nn'),(65,'Tatar','tt'),(66,'Tajik','tg'),(67,'Volapük','vo'),(68,'Pushto','ps'),(69,'Macedonian','mk'),(70,'French','fr'),(71,'Bambara','bm'),(72,'Basque','eu'),(73,'Fijian','fj'),(74,'Indonesian','id'),(75,'Malagasy','mg'),(76,'Nauru','na'),(77,'No Language','xx'),(78,'Quechua','qu'),(79,'Albanian','sq'),(80,'Tigrinya','ti'),(81,'Twi','tw'),(82,'Walloon','wa'),(83,'Abkhazian','ab'),(84,'Bosnian','bs'),(85,'Afrikaans','af'),(86,'Aragonese','an'),(87,'Frisian','fy'),(88,'Gujarati','gu'),(89,'Inupiaq','ik'),(90,'Japanese','ja'),(91,'Korean','ko'),(92,'Ganda','lg'),(93,'Dutch','nl'),(94,'Ossetian; Ossetic','os'),(95,'Greek','el'),(96,'Bengali','bn'),(97,'Cree','cr'),(98,'Khmer','km'),(99,'Lao','lo'),(100,'Ndebele','nd'),(101,'Nepali','ne'),(102,'Sardinian','sc'),(103,'Swahili','sw'),(104,'Tagalog','tl'),(105,'Urdu','ur'),(106,'Ewe','ee'),(107,'Afar','aa'),(108,'Corsican','co'),(109,'Estonian','et'),(110,'Icelandic','is'),(111,'Kashmiri','ks'),(112,'Kanuri','kr'),(113,'Kirghiz','ky'),(114,'Kuanyama','kj'),(115,'Ndebele','nr'),(116,'Oriya','or'),(117,'Wolof','wo'),(118,'Zhuang','za'),(119,'Arabic','ar'),(120,'Chuvash','cv'),(121,'Faroese','fo'),(122,'Croatian','hr'),(123,'Malay','ms'),(124,'Norwegian Bokmål','nb'),(125,'Rundi','rn'),(126,'Shona','sn'),(127,'Sotho','st'),(128,'Turkish','tr'),(129,'Amharic','am'),(130,'Persian','fa'),(131,'Armenian','hy'),(132,'Punjabi','pa'),(133,'Assamese','as'),(134,'Interlingua','ia'),(135,'Latvian','lv'),(136,'Luba-Katanga','lu'),(137,'Marathi','mr'),(138,'Mongolian','mn'),(139,'Portuguese','pt'),(140,'Thai','th'),(141,'Turkmen','tk'),(142,'Venda','ve'),(143,'Divehi','dv'),(144,'Manx','gv'),(145,'Kalaallisut','kl'),(146,'Kazakh','kk'),(147,'Lithuanian','lt'),(148,'Burmese','my'),(149,'Slovenian','sl'),(150,'Sindhi','sd'),(151,'Cantonese','cn'),(152,'Hindi','hi'),(153,'Welsh','cy'),(154,'Haitian; Haitian Creole','ht'),(155,'Inuktitut','iu'),(156,'Javanese','jv'),(157,'Marshall','mh'),(158,'Sanskrit','sa'),(159,'Swati','ss'),(160,'Telugu','te'),(161,'Kongo','kg'),(162,'Malayalam','ml'),(163,'Uzbek','uz'),(164,'Sango','sg'),(165,'Xhosa','xh'),(166,'Spanish','es'),(167,'Sundanese','su'),(168,'Uighur','ug'),(169,'Yiddish','yi'),(170,'Yoruba','yo'),(171,'Mandarin','zh'),(172,'Hebrew','he'),(173,'Tibetan','bo'),(174,'Akan','ak'),(175,'Moldavian','mo'),(176,'Ndonga','ng'),(177,'Dzongkha','dz'),(178,'Fulah','ff'),(179,'Gaelic','gd'),(180,'Irish','ga'),(181,'Galician','gl'),(182,'Navajo','nv'),(183,'Occitan','oc'),(184,'Romanian','ro'),(185,'Tamil','ta'),(186,'Tswana','tn'),(187,'Bulgarian','bg');
/*!40000 ALTER TABLE `languages` ENABLE KEYS */;
UNLOCK TABLES;

--
-- Table structure for table `movies`
--

DROP TABLE IF EXISTS `movies`;
/*!40101 SET @saved_cs_client     = @@character_set_client */;
/*!50503 SET character_set_client = utf8mb4 */;
CREATE TABLE `movies` (
  `id` int unsigned NOT NULL AUTO_INCREMENT,
  `name` varchar(255) NOT NULL,
  `synopsis` text NOT NULL,
  `release_date` date NOT NULL DEFAULT (curdate()),
  `runtime` int NOT NULL,
  `price` decimal(10,0) NOT NULL,
  `image_url` text NOT NULL,
  `trailer_link` varchar(255) DEFAULT NULL,
  `purchases` int DEFAULT '0',
  PRIMARY KEY (`id`),
  UNIQUE KEY `movie_id_UNIQUE` (`id`)
) ENGINE=InnoDB AUTO_INCREMENT=275 DEFAULT CHARSET=utf8mb3;
/*!40101 SET character_set_client = @saved_cs_client */;

--
-- Dumping data for table `movies`
--

LOCK TABLES `movies` WRITE;
/*!40000 ALTER TABLE `movies` DISABLE KEYS */;
INSERT INTO `movies` VALUES (85,'The Shawshank Redemption','Framed in the 1940s for the double murder of his wife and her lover, upstanding banker Andy Dufresne begins a new life at the Shawshank prison, where he puts his accounting skills to work for an amoral warden. During his long stretch in prison, Dufresne comes to be admired by the other inmates -- including an older prisoner named Red -- for his integrity and unquenchable sense of hope.','1994-09-23',142,16,'9cqNxx0GxF0bflZmeSMuL5tnGzr.jpg','https://www.youtube.com/embed/PLl99DlL6b4',0),(86,'The Godfather','Spanning the years 1945 to 1955, a chronicle of the fictional Italian-American Corleone crime family. When organized crime family patriarch, Vito Corleone barely survives an attempt on his life, his youngest son, Michael steps in to take care of the would-be killers, launching a campaign of bloody revenge.','1972-03-14',175,8,'3bhkrj58Vtu7enYsRolD1fZdja1.jpg','https://www.youtube.com/embed/Ew9ngL1GZvs',0),(87,'The Godfather Part II','In the continuing saga of the Corleone crime family, a young Vito Corleone grows up in Sicily and in 1910s New York. In the 1950s, Michael Corleone attempts to expand the family business into Las Vegas, Hollywood and Cuba.','1974-12-20',202,8,'7g6wvsWHxBQujUcSXvZLhdFpDUy.jpg','https://www.youtube.com/embed/9O1Iy9od7-A',0),(88,'Schindler\'s List','The true story of how businessman Oskar Schindler saved over a thousand Jewish lives from the Nazis while they worked as slaves in his factory during World War II.','1993-12-15',195,8,'sF1U4EUQS8YHUYjNl3pMGNIQyr0.jpg','https://www.youtube.com/embed/mxphAlJID9U',0),(89,'12 Angry Men','The defense and the prosecution have rested and the jury is filing into the jury room to decide if a young Spanish-American is guilty or innocent of murdering his father. What begins as an open and shut case soon becomes a mini-drama of each of the jurors\' prejudices and preconceptions about the trial, the accused, and each other.','1957-04-10',97,8,'ow3wq89wM8qd5X7hWKxiRfsFf9C.jpg','https://www.youtube.com/embed/TEN-2uTi2c0',0),(90,'Spirited Away','A young girl, Chihiro, becomes trapped in a strange new world of spirits. When her parents undergo a mysterious transformation, she must call upon the courage she never knew she had to free her family.','2001-07-20',125,32,'39wmItIWsg5sZMyRUHLkWBcuVCM.jpg','https://www.youtube.com/embed/GAp2_0JJskk',0),(91,'Dilwale Dulhania Le Jayenge','Raj is a rich, carefree, happy-go-lucky second generation NRI. Simran is the daughter of Chaudhary Baldev Singh, who in spite of being an NRI is very strict about adherence to Indian values. Simran has left for India to be married to her childhood fiancé. Raj leaves for India with a mission at his hands, to claim his lady love under the noses of her whole family. Thus begins a saga.','1995-10-20',190,24,'2CAL2433ZeIihfX1Hb2139CX0pW.jpg','https://www.youtube.com/embed/oIZ4U21DRlM',0),(92,'The Dark Knight','Batman raises the stakes in his war on crime. With the help of Lt. Jim Gordon and District Attorney Harvey Dent, Batman sets out to dismantle the remaining criminal organizations that plague the streets. The partnership proves to be effective, but they soon find themselves prey to a reign of chaos unleashed by a rising criminal mastermind known to the terrified citizens of Gotham as the Joker.','2008-07-16',152,16,'qJ2tW6WMUDux911r6m7haRef0WH.jpg','https://www.youtube.com/embed/kmJLuwP3MbY',0),(93,'Parasite','All unemployed, Ki-taek\'s family takes peculiar interest in the wealthy and glamorous Parks for their livelihood until they get entangled in an unexpected incident.','2019-05-30',133,16,'7IiTTgloJzvGI1TAYymCfbfl3vT.jpg','https://www.youtube.com/embed/bM9QabAojCg',0),(94,'The Green Mile','A supernatural tale set on death row in a Southern prison, where gentle giant John Coffey possesses the mysterious power to heal people\'s ailments. When the cell block\'s head guard, Paul Edgecomb, recognizes Coffey\'s miraculous gift, he tries desperately to help stave off the condemned man\'s execution.','1999-12-10',189,8,'sQRIzn557ofxPZRGV34aLK97drh.jpg','https://www.youtube.com/embed/Bg7epsq0OIQ',0),(95,'Your Name.','High schoolers Mitsuha and Taki are complete strangers living separate lives. But one night, they suddenly switch places. Mitsuha wakes up in Taki’s body, and he in hers. This bizarre occurrence continues to happen randomly, and the two must adjust their lives around each other.','2016-08-26',106,8,'iaiy3tg9QVkDpObm1IGqmbC9A5C.jpg','https://www.youtube.com/embed/o4-URMnBOPU',0),(96,'Pulp Fiction','A burger-loving hit man, his philosophical partner, a drug-addled gangster\'s moll and a washed-up boxer converge in this sprawling, comedic crime caper. Their adventures unfurl in three stories that ingeniously trip back and forth in time.','1994-09-10',154,32,'d5iIlFn5s0ImszYzBPb8JPIfbXD.jpg','https://www.youtube.com/embed/tGpTpVyI_OQ',0),(97,'The Lord of the Rings: The Return of the King','Aragorn is revealed as the heir to the ancient kings as he, Gandalf and the other members of the broken fellowship struggle to save Gondor from Sauron\'s forces. Meanwhile, Frodo and Sam take the ring closer to the heart of Mordor, the dark lord\'s realm.','2003-12-01',201,16,'rCzpDGLbOoPwLjy3OAm5NUPOTrC.jpg','https://www.youtube.com/embed/zckJCxYxn1g',0),(98,'Forrest Gump','A man with a low IQ has accomplished great things in his life and been present during significant historic events—in each case, far exceeding what anyone imagined he could do. But despite all he has achieved, his one true love eludes him.','1994-06-23',142,32,'zxzYh2YtgypKrijVE0OuIyEgwdT.jpg','https://www.youtube.com/embed/Mj9IA9tTfio',1),(99,'GoodFellas','The true story of Henry Hill, a half-Irish, half-Sicilian Brooklyn kid who is adopted by neighbourhood gangsters at an early age and climbs the ranks of a Mafia family under the guidance of Jimmy Conway.','1990-09-12',145,16,'aKuFiU82s5ISJpGZp7YkIr3kCUd.jpg','https://www.youtube.com/embed/PTBRNXGQR9Q',0),(100,'The Good, the Bad and the Ugly','While the Civil War rages on between the Union and the Confederacy, three men – a quiet loner, a ruthless hitman, and a Mexican bandit – comb the American Southwest in search of a strongbox containing $200,000 in stolen gold.','1966-12-22',161,8,'bX2xnavhMYjWDoZp1VM6VnU1xwe.jpg','https://www.youtube.com/embed/IFNUGzCOQoI',0),(101,'Grave of the Fireflies','In the final months of World War II, 14-year-old Seita and his sister Setsuko are orphaned when their mother is killed during an air raid in Kobe, Japan. After a falling out with their aunt, they move into an abandoned bomb shelter. With no surviving relatives and their emergency rations depleted, Seita and Setsuko struggle to survive.','1988-04-16',89,24,'k9tv1rXZbOhH7eiCk378x61kNQ1.jpg','https://www.youtube.com/embed/4vPeTSRd580',0),(102,'Cinema Paradiso','A filmmaker recalls his childhood, when he fell in love with the movies at his village\'s theater and formed a deep friendship with the theater\'s projectionist.','1988-11-17',124,16,'pVJAStFPfdLD25DEhv410PZumOM.jpg','https://www.youtube.com/embed/JMyVSD6OvO8',0),(103,'Life Is Beautiful','A touching story of an Italian book seller of Jewish ancestry who lives in his own little fairy tale. His creative and happy life would come to an abrupt halt when his entire family is deported to a concentration camp during World War II. While locked up he tries to convince his son that the whole thing is just a game.','1997-12-20',116,24,'mfnkSeeVOBVheuyn2lo4tfmOPQb.jpg','https://www.youtube.com/embed/pAYEQP8gx3w',0),(104,'Seven Samurai','A samurai answers a village\'s request for protection after he falls on hard times. The town needs protection from bandits, so the samurai gathers six others to help him teach the people how to defend themselves, and the villagers provide the soldiers with food.','1954-04-26',207,32,'8OKmBV5BUFzmozIC3pPWKHy17kx.jpg','https://www.youtube.com/embed/6jZF-Ujv2z4',0),(105,'Wonka','Based on the extraordinary character at the center of Charlie and the Chocolate Factory, Roald Dahl’s most iconic children’s book and one of the best-selling children’s books of all time, “Wonka” tells the wondrous story of how the world’s greatest inventor, magician and chocolate-maker became the beloved Willy Wonka we know today.\r\n\r\nFrom Paul King, writer/director of the “Paddington” films, David Heyman, producer of “Harry Potter,” “Gravity,” “Fantastic Beasts” and “Paddington,” and producers Alexandra Derbyshire (the “Paddington” films, “Jurassic World: Dominion”) and Luke Kelly (“Roald Dahl’s The Witches”), comes an intoxicating mix of magic and music, mayhem and emotion, all told with fabulous heart and humor.\r\n\r\nStarring Timothée Chalamet in the title role, this irresistibly vivid and inventive big screen spectacle will introduce audiences to a young Willy Wonka, chock-full of ideas and determined to change the world one delectable bite at a time—proving that the best things in life begin with a dream, and if you’re lucky enough to meet Willy Wonka, anything is possible.\r\n','2024-03-12',123,16,'wonka-5.jpg','https://www.youtube.com/embed/otNh9bTjXWg',1),(107,'Dou kyu sei – Classmates','Rihito Sajo, an honor student with a perfect score on the entrance exam and Hikaru Kusakabe, in a band and popular among girls, would have never crossed paths. Until one day they started talking at the practice for their school’s upcoming chorus festival. After school, the two meet regularly, as Hikaru helps Rihito to improve his singing skills. While they listen to each other’s voice and harmonize, their hearts start to beat together.','2016-02-20',61,32,'cIfRCA5wEvj9tApca4UDUagQEiM.jpg','https://www.youtube.com/embed/wFQTncSyukA',0),(108,'Primal: Tales of Savagery','Genndy Tartakovsky\'s Primal: Tales of Savagery features a caveman and a dinosaur on the brink of extinction. Bonded by tragedy, this unlikely friendship becomes the only hope of survival.','2019-11-21',85,32,'9NBBkdxH0TjQEBSN2AzeE1sgsF9.jpg','https://www.youtube.com/embed/vaOn8koDa9E',0),(109,'Fight Club','A ticking-time-bomb insomniac and a slippery soap salesman channel primal male aggression into a shocking new form of therapy. Their concept catches on, with underground \"fight clubs\" forming in every town, until an eccentric gets in the way and ignites an out-of-control spiral toward oblivion.','1999-10-15',139,32,'r3pPehX4ik8NLYPpbDRAh0YRtMb.jpg','https://www.youtube.com/embed/dfeUzm6KF4g',0),(110,'Taylor Swift: Reputation Stadium Tour','Taylor Swift takes the stage in Dallas for the Reputation Stadium Tour and celebrates a monumental night of music, memories and visual magic.','2018-12-31',125,16,'v8jeyL9bGwamER1gh6YSoNmd3yO.jpg','https://www.youtube.com/embed/HIb_TlK2HAI',0),(111,'Psycho','When larcenous real estate clerk Marion Crane goes on the lam with a wad of cash and hopes of starting a new life, she ends up at the notorious Bates Motel, where manager Norman Bates cares for his housebound mother.','1960-06-22',109,24,'yz4QVqPx3h1hD1DfqqQkCq3rmxW.jpg','https://www.youtube.com/embed/D90QhegiVvo',0),(112,'City of God','In the slums of Rio, two kids\' paths diverge as one struggles to become a photographer and the other a kingpin.','2002-08-30',130,8,'k7eYdWvhYQyRQoU2TB2A2Xu2TfD.jpg','https://www.youtube.com/embed/RfnGQetbX-U',0),(113,'Interstellar','The adventures of a group of explorers who make use of a newly discovered wormhole to surpass the limitations on human space travel and conquer the vast distances involved in an interstellar voyage.','2014-11-05',169,8,'gEU2QniE6E77NI6lCU6MxlNBvIx.jpg','https://www.youtube.com/embed/LY19rHKAaAg',0),(114,'Gabriel\'s Inferno','An intriguing and sinful exploration of seduction, forbidden love, and redemption, Gabriel\'s Inferno is a captivating and wildly passionate tale of one man\'s escape from his own personal hell as he tries to earn the impossible--forgiveness and love.','2020-05-29',122,16,'oyG9TL7FcRP4EZ9Vid6uKzwdndz.jpg','https://www.youtube.com/embed/kgWFjmiqHmQ',0),(115,'Impossible Things','Matilde is a woman who, after the death of her husband—a man who constantly abused her—finds her new best friend in Miguel, her young, insecure, disoriented and even dealer neighbor','2021-06-17',88,16,'eaf7GQj0ieOwm08rrvjJQNbN0kN.jpg','https://www.youtube.com/embed/eRJryexKYxQ',0),(116,'Once Upon a Time in America','A former Prohibition-era Jewish gangster returns to the Lower East Side of Manhattan over thirty years later, where he once again must confront the ghosts and regrets of his old life.','1984-05-23',229,8,'qfuO1yue5bQnocFiOUM07dwLdmo.jpg','https://www.youtube.com/embed/lFw062jAYR0',0),(117,'One Flew Over the Cuckoo\'s Nest','A petty criminal fakes insanity to serve his sentence in a mental ward rather than prison. He soon finds himself as a leader to the other patients—and an enemy to the cruel, domineering nurse who runs the ward.','1975-11-19',133,16,'3jcbDmRFiQ83drXNOvRDeKHxS0C.jpg','https://www.youtube.com/embed/3NSVJlBeGBA',0),(118,'Radical','In a Mexican border town plagued by neglect, corruption, and violence, a frustrated teacher tries a radical new method to break through his students’ apathy and unlock their curiosity, their potential… and maybe even their genius.','2023-10-19',127,32,'eSatbygYZp8ooprBHZdb6GFZxGB.jpg','https://www.youtube.com/embed/BXcGgvAKC1Q',0),(119,'The Lord of the Rings: The Fellowship of the Ring','Young hobbit Frodo Baggins, after inheriting a mysterious ring from his uncle Bilbo, must leave his home in order to keep it from falling into the hands of its evil creator. Along the way, a fellowship is formed to protect the ringbearer and make sure that the ring arrives at its final destination: Mt. Doom, the only place where it can be destroyed.','2001-12-18',179,32,'6oom5QYQ2yQTMJIbnvbkBL9cHo6.jpg','https://www.youtube.com/embed/_nZdmwHrcnw',0),(120,'Howl\'s Moving Castle','Sophie, a young milliner, is turned into an elderly woman by a witch who enters her shop and curses her. She encounters a wizard named Howl and gets caught up in his resistance to fighting for the king.','2004-09-09',119,16,'6pZgH10jhpToPcf0uvyTCPFhWpI.jpg','https://www.youtube.com/embed/2x5SejvTMeA',1),(121,'Spider-Man: Into the Spider-Verse','Struggling to find his place in the world while juggling school and family, Brooklyn teenager Miles Morales is unexpectedly bitten by a radioactive spider and develops unfathomable powers just like the one and only Spider-Man. While wrestling with the implications of his new abilities, Miles discovers a super collider created by the madman Wilson \"Kingpin\" Fisk, causing others from across the Spider-Verse to be inadvertently transported to his dimension.','2018-12-06',117,32,'iiZZdoQBEYBv6id8su7ImL0oCbD.jpg','https://www.youtube.com/embed/tg52up16eq0',0),(122,'Hope','After 8-year-old So-won narrowly survives a brutal sexual assault, her family labors to help her heal while coping with their own rage and grief.','2013-10-02',122,16,'x9yjkm9gIz5qI5fJMUTfBnWiB2o.jpg','https://www.youtube.com/embed/9PsBBsX6TC0',0),(123,'A Dog\'s Will','The lively João Grilo and the sly Chicó are poor guys living in the hinterland who cheat a bunch of people in a small in Northeastern Brazil. When they die, they have to be judged by Christ, the Devil and the Virgin Mary before they are admitted to paradise.','2000-09-15',104,32,'imcOp1kJsCsAFCoOtY5OnPrFbAf.jpg','https://www.youtube.com/embed/wDVdgnhiNlY',0),(124,'Dune: Part Two','Follow the mythic journey of Paul Atreides as he unites with Chani and the Fremen while on a path of revenge against the conspirators who destroyed his family. Facing a choice between the love of his life and the fate of the known universe, Paul endeavors to prevent a terrible future only he can foresee.','2024-02-27',167,16,'8b8R8l88Qje9dn9OE8PY05Nxl1X.jpg','https://www.youtube.com/embed/U2Qp5pL3ovA',1),(125,'Gabriel\'s Inferno: Part III','The final part of the film adaption of the erotic romance novel Gabriel\'s Inferno written by an anonymous Canadian author under the pen name Sylvain Reynard.','2020-11-19',105,24,'fYtHxTxlhzD4QWfEbrC1rypysSD.jpg','https://www.youtube.com/embed/mjPUGem9SaY',0),(126,'The Lord of the Rings: The Two Towers','Frodo and Sam are trekking to Mordor to destroy the One Ring of Power while Gimli, Legolas and Aragorn search for the orc-captured Merry and Pippin. All along, nefarious wizard Saruman awaits the Fellowship members at the Orthanc Tower in Isengard.','2002-12-18',179,24,'5VTN0pR8gcqV3EPUHHfMGnJYN9L.jpg','https://www.youtube.com/embed/HUkDW37WaI0',0),(127,'The Empire Strikes Back','The epic saga continues as Luke Skywalker, in hopes of defeating the evil Galactic Empire, learns the ways of the Jedi from aging master Yoda. But Darth Vader is more determined than ever to capture Luke. Meanwhile, rebel leader Princess Leia, cocky Han Solo, Chewbacca, and droids C-3PO and R2-D2 are thrown into various stages of capture, betrayal and despair.','1980-05-20',124,8,'vND96Mn2OVyuvuo3kHqZQhT7Ttd.jpg','https://www.youtube.com/embed/vU6L3jXt2r8',0),(128,'The Legend of Hei','When cat spirit Luo Xiaohei\'s home is deforested by humans, he must find a new one. He runs into a group of other spirit creatures who take him under their wing with dreams of reconquering the land they say is rightfully theirs. However, they run into a human known as Wuxian who separates Luo Xiaohei from the other spirits and the two go on a journey, with the cat spirit learning to control his abilities as well as forming his own thoughts on whether or not he should ally with the spirits or the humans.','2019-08-27',102,16,'ogMVWcW6TSBl65heyUHnuYpTlBm.jpg','https://www.youtube.com/embed/Ps0O9l2CvOM',0),(129,'A Silent Voice: The Movie','Shouya Ishida starts bullying the new girl in class, Shouko Nishimiya, because she is deaf. But as the teasing continues, the rest of the class starts to turn on Shouya for his lack of compassion. When they leave elementary school, Shouko and Shouya do not speak to each other again... until an older, wiser Shouya, tormented by his past behaviour, decides he must see Shouko once more. He wants to atone for his sins, but is it already too late...?','2016-09-17',130,24,'tuFaWiqX0TXoWu7DGNcmX3UW7sT.jpg','https://www.youtube.com/embed/e8tMQVwqj54',0),(130,'Whiplash','Under the direction of a ruthless instructor, a talented young drummer begins to pursue perfection at any cost, even his humanity.','2014-10-10',107,24,'7fn624j5lj3xTme2SgiLCeuedmO.jpg','https://www.youtube.com/embed/JeShKC6Alyk',0),(131,'The Pianist','The true story of pianist Władysław Szpilman\'s experiences in Warsaw during the Nazi occupation. When the Jews of the city find themselves forced into a ghetto, Szpilman finds work playing in a café; and when his family is deported in 1942, he stays behind, works for a while as a laborer, and eventually goes into hiding in the ruins of the war-torn city.','2002-09-17',150,24,'bp5mfMx73GqFlHALDv0cs8WhcPf.jpg','https://www.youtube.com/embed/BFwGqLa_oAo',0),(132,'Spider-Man: Across the Spider-Verse','After reuniting with Gwen Stacy, Brooklyn’s full-time, friendly neighborhood Spider-Man is catapulted across the Multiverse, where he encounters the Spider Society, a team of Spider-People charged with protecting the Multiverse’s very existence. But when the heroes clash on how to handle a new threat, Miles finds himself pitted against the other Spiders and must set out on his own to save those he loves most.','2023-05-31',140,32,'8Vt6mWEReuy4Of61Lnj5Xj704m8.jpg','https://www.youtube.com/embed/yFrxzaBLDQM',0),(133,'Harakiri','Down-on-his-luck veteran Tsugumo Hanshirō enters the courtyard of the prosperous House of Iyi. Unemployed, and with no family, he hopes to find a place to commit seppuku—and a worthy second to deliver the coup de grâce in his suicide ritual. The senior counselor for the Iyi clan questions the ronin’s resolve and integrity, suspecting Hanshirō of seeking charity rather than an honorable end. What follows is a pair of interlocking stories which lay bare the difference between honor and respect, and promises to examine the legendary foundations of the Samurai code.','1962-09-15',135,32,'5konZnIbcAxZjP616Cz5o9bKEfW.jpg','https://www.youtube.com/embed/gfABwM-Ppng',0),(134,'Se7en','Two homicide detectives are on a desperate hunt for a serial killer whose crimes are based on the \"seven deadly sins\" in this dark and haunting film that takes viewers from the tortured remains of one victim to the next. The seasoned Det. Sommerset researches each sin in an effort to get inside the killer\'s mind, while his novice partner, Mills, scoffs at his efforts to unravel the case.','1995-09-22',127,32,'6yoghtyTpznpBik8EngEmJskVUO.jpg','https://www.youtube.com/embed/vr3UZ-axauU',0),(135,'Inception','Cobb, a skilled thief who commits corporate espionage by infiltrating the subconscious of his targets is offered a chance to regain his old life as payment for a task considered to be impossible: \"inception\", the implantation of another person\'s idea into a target\'s subconscious.','2010-07-15',148,16,'oYuLEt3zVCKq57qu2F8dT7NIa6f.jpg','https://www.youtube.com/embed/cdx31ak4KbQ',0),(136,'The Quintessential Quintuplets Movie','When five lovely young girls who hate studying hire part-time tutor Futaro, he guides not only their education but also their hearts. Time spent has brought them all closer, with feelings growing within the girls and Futaro. As they finish their third year of high school and their last school festival approaches, they set their sights on what’s next. Is there a future with one of them and Futaro?','2022-05-20',136,32,'sg7klpt1xwK1IJirBI9EHaqQwJ5.jpg','https://www.youtube.com/embed/maS5nHFa1o8',0),(137,'Rear Window','A wheelchair-bound photographer spies on his neighbors from his apartment window and becomes convinced one of them has committed murder.','1954-08-01',115,32,'ILVF0eJxHMddjxeQhswFtpMtqx.jpg','https://www.youtube.com/embed/iZOTTxwzyMU',0),(138,'The Silence of the Lambs','Clarice Starling is a top student at the FBI\'s training academy.  Jack Crawford wants Clarice to interview Dr. Hannibal Lecter, a brilliant psychiatrist who is also a violent psychopath, serving life behind bars for various acts of murder and cannibalism.  Crawford believes that Lecter may have insight into a case and that Starling, as an attractive young woman, may be just the bait to draw him out.','1991-02-14',119,24,'uS9m8OBk1A8eM9I042bx8XXpqAq.jpg','https://www.youtube.com/embed/6iB21hsprAQ',0),(139,'American History X','Derek Vineyard is paroled after serving 3 years in prison for killing two African-American men. Through his brother, Danny Vineyard\'s narration, we learn that before going to prison, Derek was a skinhead and the leader of a violent white supremacist gang that committed acts of racial crime throughout L.A. and his actions greatly influenced Danny. Reformed and fresh out of prison, Derek severs contact with the gang and becomes determined to keep Danny from going down the same violent path as he did.','1998-07-01',119,24,'euypWkaYFOLW3e5rLIcTAjWnhhT.jpg','https://www.youtube.com/embed/ZVAfE5cT59c',0),(140,'Hotarubi no Mori e','One hot summer day a little girl gets lost in an enchanted forest of the mountain god where spirits reside. A young boy appears before her, but she cannot touch him for fear of making him disappear. And so a wondrous adventure awaits...','2011-09-17',45,8,'mDqzHV8UXWWNpZkoAbKmKX1ZxEE.jpg','https://www.youtube.com/embed/qXLSRH31Yao',0),(141,'Princess Mononoke','Ashitaka, a prince of the disappearing Emishi people, is cursed by a demonized boar god and must journey to the west to find a cure. Along the way, he encounters San, a young human woman fighting to protect the forest, and Lady Eboshi, who is trying to destroy it. Ashitaka must find a way to bring balance to this conflict.','1997-07-12',134,32,'cMYCDADoLKLbB83g4WnJegaZimC.jpg','https://www.youtube.com/embed/opCxPAwdB6U',0),(142,'The Great Dictator','Dictator Adenoid Hynkel tries to expand his empire while a poor Jewish barber tries to avoid persecution from Hynkel\'s regime.','1940-10-15',125,32,'iklNcUOELu4VV8jZthsY0hsGW50.jpg','https://www.youtube.com/embed/i1C6qZVeFtA',0),(143,'Dedicated to my ex','The film tells the story of Ariel, a 21-year-old who decides to form a rock band to compete for a prize of ten thousand dollars in a musical band contest, this as a last option when trying to get money to save their relationship and reunite with his ex-girlfriend, which breaks due to the trip she must make to Finland for an internship. Ariel with her friend Ortega, decides to make a casting to find the other members of the band, although they do not know nothing about music, thus forming a band with members that have diverse and opposite personalities.','2019-11-01',94,32,'tF7AXdCygfZ2XHLHx7K2xqnkhHI.jpg','https://www.youtube.com/embed/hU2DASqjvi4',0),(144,'Back to the Future','Eighties teenager Marty McFly is accidentally sent back in time to 1955, inadvertently disrupting his parents\' first meeting and attracting his mother\'s romantic interest. Marty must repair the damage to history by rekindling his parents\' romance and - with the help of his eccentric inventor friend Doc Brown - return to 1985.','1985-07-03',116,32,'fNOH9f1aA7XRTzl1sAOx9iF553Q.jpg','https://www.youtube.com/embed/U71BvFM7Wpw',0),(145,'Sunset Boulevard','A hack screenwriter writes a screenplay for a former silent film star who has faded into Hollywood obscurity.','1950-08-10',110,8,'sC4Dpmn87oz9AuxZ15Lmip0Ftgr.jpg','https://www.youtube.com/embed/_dY0SVxnHjQ',0),(146,'Dead Poets Society','At an elite, old-fashioned boarding school in New England, a passionate English teacher inspires his students to rebel against convention and seize the potential of every day, courting the disdain of the stern headmaster.','1989-06-02',128,24,'ai40gM7SUaGA6fthvsd87o8IQq4.jpg','https://www.youtube.com/embed/s_jsDreXFZU',0),(147,'Once Upon a Studio','Created for Disney\'s 100th anniversary, the short features Mickey Mouse corralling a gallery of legendary Disney characters for a group photo.','2023-09-24',9,8,'zYbv3diKdEuxQrgRisbhQN6WhRr.jpg','https://www.youtube.com/embed/JuQrVla3TTk',0),(148,'Neon Genesis Evangelion: The End of Evangelion','The second of two theatrically released follow-ups to the Neon Genesis Evangelion series. Comprising of two alternate episodes which were first intended to take the place of episodes 25 and 26, this finale answers many of the questions surrounding the series, while also opening up some new possibilities.','1997-07-19',87,8,'j6G24dqI4WgUtChhWjfnI4lnmiK.jpg','https://www.youtube.com/embed/XIBRfn2D7ZU',0),(149,'Léon: The Professional','Léon, the top hit man in New York, has earned a rep as an effective \"cleaner\". But when his next-door neighbors are wiped out by a loose-cannon DEA agent, he becomes the unwilling custodian of 12-year-old Mathilda. Before long, Mathilda\'s thoughts turn to revenge, and she considers following in Léon\'s footsteps.','1994-09-14',111,32,'yI6X2cCM5YPJtxMhUd3dPGqDAhw.jpg','https://www.youtube.com/embed/Nq101UyQyTo',0),(150,'Perfect Blue','Encouraged by her managers, rising pop star Mima takes on a recurring role on a popular TV show, when suddenly her handlers and collaborators begin turning up murdered.','1998-02-28',82,8,'79vujbsWEbX4dzffBV541QXN6sf.jpg','https://www.youtube.com/embed/C1e1bT0Xjvw',0),(151,'High and Low','A shoe company executive who has mortgaged everything he has becomes a victim of extortion when his chauffeur\'s son is kidnapped and is conflicted over whether he should pay the ransom.','1963-03-01',142,16,'tgNjemQPG96uIezpiUiXFcer5ga.jpg','https://www.youtube.com/embed/ELsgPvgDBoY',0),(152,'Ikiru','Kanji Watanabe is a middle-aged man who has worked in the same monotonous bureaucratic position for decades. Learning he has cancer, he starts to look for the meaning of his life.','1952-10-09',143,32,'dgNTS4EQDDVfkzJI5msKuHu2Ei3.jpg','https://www.youtube.com/embed/geKhyNerWM8',0),(153,'Modern Times','A bumbling tramp desires to build a home with a young woman, yet is thwarted time and time again by his lack of experience and habit of being in the wrong place at the wrong time..','1936-02-05',87,32,'gcRA8st7q01xDuA34JmrzGG563w.jpg','https://www.youtube.com/embed/NNznUyDmSFc',0),(154,'Once Upon a Time in the West','As the railroad builders advance unstoppably through the Arizona desert on their way to the sea, Jill arrives in the small town of Flagstone with the intention of starting a new life.','1968-12-21',166,24,'laeXTxhWhqgHxmjr9te7X7n91Mm.jpg','https://www.youtube.com/embed/Yw-Av9BpC-w',0),(155,'There\'s Still Tomorrow','In post-war Italy, the family of typical housewife Delia is in turmoil over the impending engagement of beloved firstborn Marcella. The arrival of a mysterious letter, however, will ignite Delia\'s courage to face her abusive husband and imagine a better future.','2023-10-26',118,24,'sEyDDFp1ZG6m9cDBMqfzkxuWtZX.jpg','https://www.youtube.com/embed/nNREdtrrQyk',1),(156,'City Lights','In this sound-era silent film, a tramp falls in love with a beautiful blind flower seller.','1931-02-01',87,32,'bXNvzjULc9jrOVhGfjcc64uKZmZ.jpg','https://www.youtube.com/embed/7vl7F8S4cpQ',0),(157,'Apocalypse Now','At the height of the Vietnam war, Captain Benjamin Willard is sent on a dangerous mission that, officially, \"does not exist, nor will it ever exist.\" His goal is to locate - and eliminate - a mysterious Green Beret Colonel named Walter Kurtz, who has been leading his personal army on illegal guerrilla missions into enemy territory.','1979-08-15',147,32,'nxbxco1LNXKuqRQWp1sATJno2LZ.jpg','https://www.youtube.com/embed/9l-ViOOFH-s',0),(158,'Life in a Year','A 17 year old finds out that his girlfriend is dying, so he sets out to give her an entire life, in the last year she has left.','2020-11-27',107,8,'xNcjlHPRNoqbpaYis0Y3zX4Hq0x.jpg','https://www.youtube.com/embed/BgmJ14p4Uuk',0),(159,'The Intouchables','A true story of two men who should never have met – a quadriplegic aristocrat who was injured in a paragliding accident and a young man from the projects.','2011-11-02',113,24,'2VhCnmycro2ySRHYtaqTWrdSjBt.jpg','https://www.youtube.com/embed/0RqDiYnFxTk',0),(160,'Le Trou','Four prison inmates have been hatching a plan to literally dig out of jail when another prisoner, Claude Gaspard, is moved into their cell. They take a risk and share their plan with the newcomer. Over the course of three days, the prisoners and friends break through the concrete floor using a bed post and begin to make their way through the sewer system -- yet their escape is anything but assured.','1960-03-18',132,24,'pyCMEIAtMPpWTVwZTajcbCIBI3u.jpg','https://www.youtube.com/embed/g2Sbo6JpDsY',0),(161,'Josee, the Tiger and the Fish','With dreams of diving abroad, Tsuneo gets a job assisting Josee, an artist whose imagination takes her far beyond her wheelchair. But when the tide turns against them, they push each other to places they never thought possible, and inspire a love fit for a storybook.','2020-12-25',98,8,'6qyJQFrAuqdgSOmPbd24gQ4DKEc.jpg','https://www.youtube.com/embed/hLEjE77PbcA',0),(162,'The Boy, the Mole, the Fox and the Horse','The unlikely friendship of a boy, a mole, a fox and a horse traveling together in the boy\'s search for home.','2022-12-25',35,24,'oQRgyQCzcyZvE6w5heM9ktVY0LT.jpg','https://www.youtube.com/embed/609A7IGdoEc',0),(163,'Given','The relationship between a band\'s bassist, their drummer, and the drummer’s roommate and ex-boyfriend, who is a professional violinist.','2020-08-22',60,8,'nBt1bEDizGWWOZLapNihLAkLAYc.jpg','https://www.youtube.com/embed/XGKGjMGZwtk',0),(164,'Woman in the Dunes','A vacationing entomologist suffers extreme physical and psychological trauma after being taken captive by the residents of a poor seaside village and made to live with a woman whose life task is shoveling sand for them.','1964-02-15',147,16,'f0JpsMQ9oEjKBD66Ky3qK3z7LGT.jpg','https://www.youtube.com/embed/UFbJ9iDeZgg',0),(165,'Five Feet Apart','Seventeen-year-old Stella spends most of her time in the hospital as a cystic fibrosis patient. Her life is full of routines, boundaries and self-control — all of which get put to the test when she meets Will, an impossibly charming teen who has the same illness. There\'s an instant flirtation, though restrictions dictate that they must maintain a safe distance between them. As their connection intensifies, so does the temptation to throw the rules out the window and embrace that attraction.','2019-03-14',116,32,'kreTuJBkUjVWePRfhHZuYfhNE1T.jpg','https://www.youtube.com/embed/24YrEAGF32M',0),(166,'Paths of Glory','A commanding officer defends three scapegoats on trial for a failed offensive that occurred within the French Army in 1916.','1957-10-25',88,24,'p7OHwomA8UOhe3EhckF2IetBTh9.jpg','https://www.youtube.com/embed/icZyfkL4FMY',0),(167,'It\'s a Wonderful Life','A holiday favourite for generations...  George Bailey has spent his entire life giving to the people of Bedford Falls.  All that prevents rich skinflint Mr. Potter from taking over the entire town is George\'s modest building and loan company.  But on Christmas Eve the business\'s $8,000 is lost and George\'s troubles begin.','1946-12-20',130,32,'bSqt9rhDZx1Q7UZ86dBPKdNomp2.jpg','https://www.youtube.com/embed/iLR3gZrU2Xo',0),(168,'Miracle in Cell No. 7','Separated from his daughter, a father with an intellectual disability must prove his innocence when he is jailed for the death of a commander\'s child.','2019-10-10',132,8,'bOth4QmNyEkalwahfPCfiXjNh1r.jpg','https://www.youtube.com/embed/bDAkHkR6fwA',0),(169,'Come and See','The invasion of a village in Byelorussia by German forces sends young Florya into the forest to join the weary Resistance fighters, against his family\'s wishes. There he meets a girl, Glasha, who accompanies him back to his village. On returning home, Florya finds his family and fellow peasants massacred. His continued survival amidst the brutal debris of war becomes increasingly nightmarish, a battle between despair and hope.','1985-10-17',142,16,'qNbMsKVzigERgJUbwf8pKyZogpb.jpg','https://www.youtube.com/embed/UHaSQU-4wss',0),(170,'The Legend of 1900','The story of a virtuoso piano player who lives his entire life aboard an ocean liner. Born and raised on the ship, 1900 (Tim Roth) learned about the outside world through interactions with passengers, never setting foot on land, even for the love of his life. Years later, the ship may be destroyed, and a former band member fears that 1900 may still be aboard, willing to go down with the ship.','1998-10-28',170,24,'o0umP4u52MvociNeQrMGu3KfqA3.jpg','https://www.youtube.com/embed/jqhbOiF9-8g',0),(171,'Oldboy','With no clue how he came to be imprisoned, drugged and tortured for 15 years, a desperate businessman seeks revenge on his captors.','2003-11-21',120,32,'pWDtjs568ZfOTMbURQBYuT4Qxka.jpg','https://www.youtube.com/embed/tAaBkFChaRg',0),(172,'Violet Evergarden: The Movie','As the world moves on from the war and technological advances bring changes to her life, Violet still hopes to see her lost commanding officer again.','2020-09-18',140,24,'mpNG6z33xOtUWuOU83BE0bvorxi.jpg','https://www.youtube.com/embed/BUfSen2rYQs',0),(173,'Clouds','Young musician Zach Sobiech discovers his cancer has spread, leaving him just a few months to live. With limited time, he follows his dream and makes an album, unaware that it will soon be a viral music phenomenon.','2020-10-09',121,32,'d0OdD1I8qAfETvE9Rp9Voq7R8LR.jpg','https://www.youtube.com/embed/OWEgUhWU4g4',0),(174,'The Lion King','A young lion prince is cast out of his pride by his cruel uncle, who claims he killed his father. While the uncle rules with an iron paw, the prince grows up beyond the Savannah, living by a philosophy: No worries for the rest of your days. But when his past comes to haunt him, the young prince must decide his fate: Will he remain an outcast or face his demons and become what he needs to be?','1994-06-24',89,32,'sKCr78MXSLixwmZ8DyJLrpMsd15.jpg','https://www.youtube.com/embed/UgjEj5mXLlk',0),(175,'Avengers: Endgame','After the devastating events of Avengers: Infinity War, the universe is in ruins due to the efforts of the Mad Titan, Thanos. With the help of remaining allies, the Avengers must assemble once more in order to undo Thanos\' actions and restore order to the universe once and for all, no matter what consequences may be in store.','2019-04-24',181,8,'or06FN3Dka5tukK1e9sl16pB3iy.jpg','https://www.youtube.com/embed/AMSITikqKiM',1),(176,'Evangelion: 3.0+1.0 Thrice Upon a Time','In the aftermath of the Fourth Impact, stranded without their Evangelions, Shinji, Asuka and Rei find refuge in one of the rare pockets of humanity that still exist on the ruined planet Earth. There, each lives a life far different from their days as an Evangelion pilot. However, the danger to the world is far from over. A new impact is looming on the horizon—one that will prove to be the true end of Evangelion.','2021-03-08',155,8,'md5wZRRj8biHrGtyitgBZo7674t.jpg','https://www.youtube.com/embed/Vjl9ApttZE8',0),(177,'Justice League Dark: Apokolips War','Earth is decimated after intergalactic tyrant Darkseid has devastated the Justice League in a poorly executed war by the DC Super Heroes. Now the remaining bastions of good – the Justice League, Teen Titans, Suicide Squad and assorted others – must regroup, strategize and take the war to Darkseid in order to save the planet and its surviving inhabitants.','2020-05-05',90,16,'c01Y4suApJ1Wic2xLmaq1QYcfoZ.jpg','https://www.youtube.com/embed/tnCkn5xD2jg',0),(178,'Avengers: Infinity War','As the Avengers and their allies have continued to protect the world from threats too large for any one hero to handle, a new danger has emerged from the cosmic shadows: Thanos. A despot of intergalactic infamy, his goal is to collect all six Infinity Stones, artifacts of unimaginable power, and use them to inflict his twisted will on all of reality. Everything the Avengers have fought for has led up to this moment - the fate of Earth and existence itself has never been more uncertain.','2018-04-25',149,16,'7WsyChQLEftFiDOVTGkv3hFpyyt.jpg','https://www.youtube.com/embed/QwievZ1Tx-8',1),(179,'Klaus','When Jesper distinguishes himself as the Postal Academy\'s worst student, he is sent to Smeerensburg, a small village located on an icy island above the Arctic Circle, where grumpy inhabitants barely exchange words, let alone letters. Jesper is about to give up and abandon his duty as a postman when he meets local teacher Alva and Klaus, a mysterious carpenter who lives alone in a cabin full of handmade toys.','2019-11-08',96,8,'aLniylyJlbXEdxvaGSuQkRACWUx.jpg','https://www.youtube.com/embed/taE3PwurhYM',0),(180,'Puss in Boots: The Last Wish','Puss in Boots discovers that his passion for adventure has taken its toll: He has burned through eight of his nine lives, leaving him with only one life left. Puss sets out on an epic journey to find the mythical Last Wish and restore his nine lives.','2022-12-07',103,32,'kav9SgYBGE7ikJXO5ktlEILJYPI.jpg','https://www.youtube.com/embed/tHb7WlgyaUc',0),(181,'Green Book','Tony Lip, a bouncer in 1962, is hired to drive pianist Don Shirley on a tour through the Deep South in the days when African Americans, forced to find alternate accommodations and services due to segregation laws below the Mason-Dixon Line, relied on a guide called The Negro Motorist Green Book.','2018-11-16',130,32,'7BsvSuDQuoqhWmU2fL7W2GOcZHU.jpg','https://www.youtube.com/embed/QkZxoko_HC0',0),(182,'Rascal Does Not Dream of a Dreaming Girl','In Fujisawa, Sakuta Azusagawa is in his second year of high school. Blissful days with his girlfriend and upperclassman, Mai Sakurajima, are interrupted by the appearance of his first crush, Shoko Makinohara.','2019-06-15',90,32,'i1yS8v10SKYVfHzJXjZ0Qa95fQL.jpg','https://www.youtube.com/embed/JqHS7nylmVQ',0),(183,'Mommy','A peculiar neighbor offers hope to a recent widow who is struggling to raise a teenager who is unpredictable and, sometimes, violent.','2014-09-19',138,16,'nT4VJ6MfSwUoCorYmkcLVaIenya.jpg','https://www.youtube.com/embed/PlZB2LLjzZY',2),(184,'We All Loved Each Other So Much','Three partisans bound by a strong friendship return home after the war, but the clash with everyday reality puts a strain on their bond.','1974-12-21',124,24,'zGGWYpiKNwjpKxelPxOMqJnUgDs.jpg','https://www.youtube.com/embed/Galh1EldCH8',1),(185,'I Want to Eat Your Pancreas','After his classmate and crush is diagnosed with a pancreatic disease, an average high schooler sets out to make the most of her final days.','2018-09-01',108,8,'qkUuI3pf2nL9jWlvbXbEzjrisMs.jpg','https://www.youtube.com/embed/MONVPR1dnRQ',0),(186,'Demon Slayer -Kimetsu no Yaiba- The Movie: Mugen Train','Tanjiro Kamado, joined with Inosuke Hashibira, a boy raised by boars who wears a boar\'s head, and Zenitsu Agatsuma, a scared boy who reveals his true power when he sleeps, boards the Infinity Train on a new mission with the Fire Hashira, Kyojuro Rengoku, to defeat a demon who has been tormenting the people and killing the demon slayers who oppose it!','2020-10-16',117,16,'h8Rb9gBr48ODIwYUttZNYeMWeUU.jpg','https://www.youtube.com/embed/XbTSLJ62YEM',1),(187,'The Handmaiden','In 1930s Korea, a swindler and a young woman pose as a Japanese count and a handmaiden to seduce a Japanese heiress and steal her fortune.','2016-06-01',145,16,'dLlH4aNHdnmf62umnInL8xPlPzw.jpg','https://www.youtube.com/embed/wYsdzNIcJNc',0),(188,'Top Gun: Maverick','After more than thirty years of service as one of the Navy’s top aviators, and dodging the advancement in rank that would ground him, Pete “Maverick” Mitchell finds himself training a detachment of TOP GUN graduates for a specialized mission the likes of which no living pilot has ever seen.','2022-05-24',131,24,'62HCnUTziyWcpDaBO2i1DX17ljH.jpg','https://www.youtube.com/embed/giXco2jaZ_4',0),(189,'Wolf Children','After her werewolf lover unexpectedly dies in an accident, a woman must find a way to raise the son and daughter that she had with him. However, their inheritance of their father\'s traits prove to be a challenge for her.','2012-07-21',117,24,'3Nllh6JgcrFdtOn6iFOWHudNInd.jpg','https://www.youtube.com/embed/8SlB-SpDMKI',0),(190,'Inglourious Basterds','In Nazi-occupied France during World War II, a group of Jewish-American soldiers known as \"The Basterds\" are chosen specifically to spread fear throughout the Third Reich by scalping and brutally killing Nazis. The Basterds, lead by Lt. Aldo Raine soon cross paths with a French-Jewish teenage girl who runs a movie theater in Paris which is targeted by the soldiers.','2009-08-02',153,24,'7sfbEnaARXDDhKm0CZ7D7uc2sbo.jpg','https://www.youtube.com/embed/ejV1OHg3hC8',0),(191,'The Shining','Jack Torrance accepts a caretaker job at the Overlook Hotel, where he, along with his wife Wendy and their son Danny, must live isolated from the rest of the world for the winter. But they aren\'t prepared for the madness that lurks within.','1980-05-23',144,32,'gbmXTxJWfI6Fd4C2bJqzgHiXWUU.jpg','https://www.youtube.com/embed/FZQvIJxG9Xs',0),(192,'Gladiator','In the year 180, the death of emperor Marcus Aurelius throws the Roman Empire into chaos.  Maximus is one of the Roman army\'s most capable and trusted generals and a key advisor to the emperor.  As Marcus\' devious son Commodus ascends to the throne, Maximus is set to be executed.  He escapes, but is captured by slave traders.  Renamed Spaniard and forced to become a gladiator, Maximus must battle to the death with other men for the amusement of paying audiences.','2000-05-04',155,24,'ty8TGRuvJLPUmAR1H1nRIsgwvim.jpg','https://www.youtube.com/embed/P5ieIbInFpg',0),(193,'Witness for the Prosecution','When Leonard Vole is arrested for the sensational murder of a rich, middle-aged widow, the famous Sir Wilfrid Robarts agrees to appear on his behalf. Sir Wilfrid, recovering from a near-fatal heart attack, is supposed to be on a diet of bland, civil suits—but the lure of the criminal courts is too much for him, especially when the case is so difficult.','1957-12-17',116,8,'mM5Cad2ESBprh6ucPnMzMfI34Cu.jpg','https://www.youtube.com/embed/GMlJfiA2u7Y',1),(194,'Coco','Despite his family’s baffling generations-old ban on music, Miguel dreams of becoming an accomplished musician like his idol, Ernesto de la Cruz. Desperate to prove his talent, Miguel finds himself in the stunning and colorful Land of the Dead following a mysterious chain of events. Along the way, he meets charming trickster Hector, and together, they set off on an extraordinary journey to unlock the real story behind Miguel\'s family history.','2017-10-27',105,24,'gGEsBPAijhVUFoiNpgZXqRVWJt2.jpg','https://www.youtube.com/embed/_TLXORFumu0',1),(195,'Saving Private Ryan','As U.S. troops storm the beaches of Normandy, three brothers lie dead on the battlefield, with a fourth trapped behind enemy lines. Ranger captain John Miller and seven men are tasked with penetrating German-held territory and bringing the boy home.','1998-07-24',169,16,'dcKfD8xWf8XnS3tHVp7v331wdNT.jpg','https://www.youtube.com/embed/y4SA9yUDgW8',0),(196,'The Matrix','Set in the 22nd century, The Matrix tells the story of a computer hacker who joins a group of underground insurgents fighting the vast and powerful computers who now rule the earth.','1999-03-31',136,16,'pEoqbqtLc4CcwDUDqxmEDSWpWTZ.jpg','https://www.youtube.com/embed/nUEQNVV3Gfs',0),(197,'The Art of Racing in the Rain','A family dog – with a near-human soul and a philosopher\'s mind – evaluates his life through the lessons learned by his human owner, a race-car driver.','2019-08-08',109,16,'mi5VN4ww0JZgRFJIaPxxTGKjUg7.jpg','https://www.youtube.com/embed/eaxMiwjrJ3Y',0),(198,'The Shop Around the Corner','Two employees at a gift shop can barely stand one another, without realising that they are falling in love through the post as each other\'s anonymous pen pal.','1940-01-12',99,24,'dZ1aEzGYRiqJwPfjS6VL7wUkHmF.jpg','https://www.youtube.com/embed/1pJLZ6mhKp4',0),(199,'The Apartment','Bud Baxter is a minor clerk in a huge New York insurance company, until he discovers a quick way to climb the corporate ladder. He lends out his apartment to the executives as a place to take their mistresses. Although he often has to deal with the aftermath of their visits, one night he\'s left with a major problem to solve.','1960-06-21',125,16,'5opLK2cHXTZkdCKegPuIRYWKTnq.jpg','https://www.youtube.com/embed/OcslkrBMLGc',0),(200,'A Clockwork Orange','In a near-future Britain, young Alexander DeLarge and his pals get their kicks beating and raping anyone they please. When not destroying the lives of others, Alex swoons to the music of Beethoven. The state, eager to crack down on juvenile crime, gives an incarcerated Alex the option to undergo an invasive procedure that\'ll rob him of all personal agency. In a time when conscience is a commodity, can Alex change his tune?','1971-12-19',137,16,'4sHeTAp65WrSSuc05nRBKddhBxO.jpg','https://www.youtube.com/embed/T54uZPI4Z8A',0),(201,'Wolfwalkers','In a time of superstition and magic, when wolves are seen as demonic and nature an evil to be tamed, a young apprentice hunter comes to Ireland with her father to wipe out the last pack. But when she saves a wild native girl, their friendship leads her to discover the world of the Wolfwalkers and transform her into the very thing her father is tasked to destroy.','2020-10-26',103,16,'nIWCrXAqxUuIDxMKAiTem5cKg67.jpg','https://www.youtube.com/embed/d_Z_tybgPgg',0),(202,'Hamilton','Presenting the tale of American founding father Alexander Hamilton, this filmed version of the original Broadway smash hit is the story of America then, told by America now.','2020-07-03',160,32,'h1B7tW0t399VDjAcWJh8m87469b.jpg','https://www.youtube.com/embed/DSCKfXpAGHc',0),(203,'Steven Universe: The Movie','Two years after bringing peace to the galaxy, Steven Universe sees his past come back to haunt him in the form of a deranged Gem who wants to destroy the Earth.','2019-09-02',82,24,'8mRgpubxHqnqvENK4Bei30xMDvy.jpg','https://www.youtube.com/embed/9FGyVAIRI-4',1),(204,'Star Wars','Princess Leia is captured and held hostage by the evil Imperial forces in their effort to take over the galactic Empire. Venturesome Luke Skywalker and dashing captain Han Solo team together with the loveable robot duo R2-D2 and C-3PO to rescue the beautiful princess and restore peace and justice in the Empire.','1977-05-25',121,16,'6FfCtAuVAW8XJjZ7eWeLibRLWTw.jpg','https://www.youtube.com/embed/XsS1yE2f-hE',0),(205,'The Prestige','A mysterious story of two magicians whose intense rivalry leads them on a life-long battle for supremacy -- full of obsession, deceit and jealousy with dangerous and deadly consequences.','2006-10-19',130,8,'aw5qvRlY31AixBLr5op0CIqCMdS.jpg','https://www.youtube.com/embed/ijXruSzfGEc',0),(206,'Jujutsu Kaisen 0','Yuta Okkotsu is a nervous high school student who is suffering from a serious problem—his childhood friend Rika has turned into a curse and won\'t leave him alone. Since Rika is no ordinary curse, his plight is noticed by Satoru Gojo, a teacher at Jujutsu High, a school where fledgling exorcists learn how to combat curses. Gojo convinces Yuta to enroll, but can he learn enough in time to confront the curse that haunts him?','2021-12-24',105,16,'23oJaeBh0FDk2mQ2P240PU9Xxfh.jpg','https://www.youtube.com/embed/2docezZl574',0),(207,'The Help','Aibileen Clark is a middle-aged African-American maid who has spent her life raising white children and has recently lost her only son; Minny Jackson is an African-American maid who has often offended her employers despite her family\'s struggles with money and her desperate need for jobs; and Eugenia \"Skeeter\" Phelan is a young white woman who has recently moved back home after graduating college to find out her childhood maid has mysteriously disappeared. These three stories intertwine to explain how life in Jackson, Mississippi revolves around \"the help\"; yet they are always kept at a certain distance because of racial lines.','2011-08-09',146,16,'7XLSwxpfpPoJyTdJVot6a42TS2V.jpg','https://www.youtube.com/embed/3eajzW3XW7Q',0),(208,'Bicycle Thieves','Unemployed Antonio is elated when he finally finds work hanging posters around war-torn Rome. However on his first day, his bicycle—essential to his work—gets stolen. His job is doomed unless he can find the thief. With the help of his son, Antonio combs the city, becoming desperate for justice.','1948-11-24',89,16,'rLpveWO1hTNYF9LUZJZgTdq5nyf.jpg','https://www.youtube.com/embed/H2P4xo9kmPM',0),(209,'Shutter Island','World War II soldier-turned-U.S. Marshal Teddy Daniels investigates the disappearance of a patient from a hospital for the criminally insane, but his efforts are compromised by troubling visions and a mysterious doctor.','2010-02-14',138,16,'fQ0vGVTtxjCdAJnxwPZ88O3Wzrh.jpg','https://www.youtube.com/embed/qdPw9x9h5CY',2),(210,'Il Sorpasso','Roberto, a shy law student in Rome, meets Bruno, a forty-year-old exuberant, capricious man, who takes him for a drive through the Roman and Tuscany countries in the summer. When their journey starts to blend into their daily lives though, the pair’s newfound friendship is tested.','1962-12-05',105,32,'4h1ckrJQVcQYjeOkqS8i9BqZ9MI.jpg','https://www.youtube.com/embed/X5Tjj5B7Kbc',0),(211,'Violet Evergarden: Eternity and the Auto Memory Doll','Isabella, the daughter of the noble York family, is enrolled in an all-girls academy to be groomed into a dame worthy of nobility. However, she has given up on her future, seeing the prestigious school as nothing more than a prison from the outside world. Her family notices her struggling in her lessons and decides to hire Violet Evergarden to personally tutor her under the guise of a handmaiden.  At first, Isabella treats Violet coldly. Violet seems to be able to do everything perfectly, leading Isabella to assume that she was born with a silver spoon. After some time, Isabella begins to realize that Violet has had her own struggles and starts to open up to her. Isabella soon reveals that she has lost contact with her beloved younger sister, whom she yearns to see again.  Having experienced the power of words through her past clientele, Violet asks if Isabella wishes to write a letter to Taylor. Will Violet be able to help Isabella convey her feelings to her long-lost sister?','2019-09-06',91,8,'hfUMPxcN9AGgOYRQNsN8tpVMExI.jpg','https://www.youtube.com/embed/CcJvT_aiKMA',0),(212,'Persona','A young nurse, Alma, is put in charge of Elisabeth Vogler: an actress who is seemingly healthy in all respects, but will not talk. As they spend time together, Alma speaks to Elisabeth constantly, never receiving any answer. The time they spend together only strengthens the crushing realization that one does not exist.','1966-10-18',83,8,'oTHFti7jXEhw6EJhFPrIiQMcRiQ.jpg','https://www.youtube.com/embed/8ZO01M8k1mg',0),(213,'The Seventh Seal','When disillusioned Swedish knight Antonius Block returns home from the Crusades to find his country in the grips of the Black Death, he challenges Death to a chess match for his life. Tormented by the belief that God does not exist, Block sets off on a journey, meeting up with traveling players Jof and his wife, Mia, and becoming determined to evade Death long enough to commit one redemptive act while he still lives.','1957-02-16',96,16,'j6z3c6dGXtPHUATJX8J7Y70mM1S.jpg','https://www.youtube.com/embed/vZucwtdSvJ8',0),(214,'20th Century Girl','Yeon-du asks her best friend Bora to collect all the information she can about Baek Hyun-jin while she is away in the U.S. for heart surgery. Bora decides to get close to Baek\'s best friend, Pung Woon-ho first. However, Bora\'s clumsy plan unfolds in an unexpected direction. In 1999, a year before the new century, Bora, who turns seventeen, falls into the fever of first love.','2022-10-06',119,24,'od22ftNnyag0TTxcnJhlsu3aLoU.jpg','https://www.youtube.com/embed/KFS4_qevE7M',0),(215,'Hacksaw Ridge','WWII American Army Medic Desmond T. Doss, who served during the Battle of Okinawa, refuses to kill people and becomes the first Conscientious Objector in American history to receive the Congressional Medal of Honor.','2016-10-07',139,16,'zyxSZvaA7mU7mwnO1lR2cXUdQdV.jpg','https://www.youtube.com/embed/s2-1hz1juBI',0),(216,'The Usual Suspects','Held in an L.A. interrogation room, Verbal Kint attempts to convince the feds that a mythic crime lord, Keyser Soze, not only exists, but was also responsible for drawing him and his four partners into a multi-million dollar heist that ended with an explosion in San Pedro harbor – leaving few survivors. Verbal lures his interrogators with an incredible story of the crime lord\'s almost supernatural prowess.','1995-07-19',106,8,'h06jDZB4Y9YQJiSGTcUwbhuiUrB.jpg','https://www.youtube.com/embed/z2FNt5nFPY8',0),(217,'Investigation of a Citizen Above Suspicion','Rome, Italy. After committing a heinous crime, a senior police officer exposes evidence incriminating him because his moral commitment prevents him from circumventing the law and the social order it protects.','1970-10-16',111,32,'vPTZwlq1IC4o1DCsEZEl2uGljzm.jpg','https://www.youtube.com/embed/PfXZVqdLKcE',0),(218,'The Kid','A tramp cares for a boy after he\'s abandoned as a newborn by his mother. Later the mother has a change of heart and aches to be reunited with her son.','1921-01-21',68,32,'drgMcyTsySQBnUPGaBThCHGdlWT.jpg','https://www.youtube.com/embed/O5WXokyub-4',0),(219,'Memento','Leonard Shelby is tracking down the man who raped and murdered his wife. The difficulty of locating his wife\'s killer, however, is compounded by the fact that he suffers from a rare, untreatable form of short-term memory loss. Although he can recall details of life before his accident, Leonard cannot remember what happened fifteen minutes ago, where he\'s going, or why.','2000-10-11',113,24,'yuNs09hvpHVU1cBTCAk9zxsL2oW.jpg','https://www.youtube.com/embed/Rq9eM4ZXRgs',0),(220,'My Hero Academia: Heroes Rising','Class 1-A visits Nabu Island where they finally get to do some real hero work. The place is so peaceful that it\'s more like a vacation … until they\'re attacked by a villain with an unfathomable Quirk! His power is eerily familiar, and it looks like Shigaraki had a hand in the plan. But with All Might retired and citizens\' lives on the line, there\'s no time for questions. Deku and his friends are the next generation of heroes, and they\'re the island\'s only hope.','2019-12-20',104,24,'zGVbrulkupqpbwgiNedkJPyQum4.jpg','https://www.youtube.com/embed/ezHmHHt0B78',1),(221,'Doctor Who: The Day of the Doctor','In 2013, something terrible is awakening in London\'s National Gallery; in 1562, a murderous plot is afoot in Elizabethan England; and somewhere in space an ancient battle reaches its devastating conclusion. All of reality is at stake as the Doctor\'s own dangerous past comes back to haunt him.','2013-11-23',77,32,'yxLra5R61s5J4M5L3mqOY42K5md.jpg','https://www.youtube.com/embed/Mkq8pnvsnQg',0),(222,'Maquia: When the Promised Flower Blooms','Maquia is a member of a special race called the Iorph who can live for hundreds of years. However, Maquia has always felt lonely despite being surrounded by her people, as she was orphaned from a young age. She daydreams about the outside world, but dares not travel from her home due to the warnings of the clan\'s chief.  One day the kingdom of Mezarte invades her homeland. They already have what is left of the giant dragons, the Renato, under their control, and now their king wishes to add the immortality to his bloodline.  They ravage the Iorph homeland and kill most of its inhabitants. Caught in the midst of the attack, Maquia is carried off by one of the Renato. It soon dies, and she is left deserted in a forest, now truly alone save for the cries of a single baby off in the distance. Maquia finds the baby in a destroyed village and decides to raise him as her own, naming him Ariel. Although she knows nothing of the human world, how to raise a child that ages much faster than her.','2018-02-24',115,16,'hL3NqRE2ccR4Y2sYSJTrmalRjrz.jpg','https://www.youtube.com/embed/EK--rMbBh3Y',0),(223,'Better Days','A bullied teenage girl forms an unlikely friendship with a mysterious young man who protects her from her assailants, while she copes with the pressures of her final examinations.','2019-10-25',135,24,'bjhoWPRihKSQNbqxvQgcEkOVN3j.jpg','https://www.youtube.com/embed/mXYifqtNj38',0),(224,'Django Unchained','With the help of a German bounty hunter, a freed slave sets out to rescue his wife from a brutal Mississippi plantation owner.','2012-12-25',165,16,'rug5C6fONVsMjVCLU85wuRXibaW.jpg','https://www.youtube.com/embed/_iH0UBYDI4g',0),(225,'Innocent Voices','A young boy, in an effort to have a normal childhood in 1980s El Salvador, is caught up in a dramatic fight for his life as he desperately tries to avoid the war which is raging all around him','2005-01-28',120,8,'itvJGid1nVNV3e2yIqzWX5xameM.jpg','https://www.youtube.com/embed/x6xwPYpdeAk',0),(226,'Stalker','Near a gray and unnamed city is the Zone, a place guarded by barbed wire and soldiers, and where the normal laws of physics are victim to frequent anomalies. A stalker guides two men into the Zone, specifically to an area in which deep-seated desires are granted.','1979-05-25',162,16,'lUE0Bp7wH0EterJ44qMRsqtKFnp.jpg','https://www.youtube.com/embed/nFLQEuQuNKM',0),(227,'Vertigo','A retired San Francisco detective suffering from acrophobia investigates the strange activities of an old friend\'s wife, all the while becoming dangerously obsessed with her.','1958-05-28',129,16,'15uOEfqBNTVtDUT7hGBVCka0rZz.jpg','https://www.youtube.com/embed/95o-QM-lz8g',0),(228,'The Departed','To take down South Boston\'s Irish Mafia, the police send in one of their own to infiltrate the underworld, not realizing the syndicate has done likewise. While an undercover cop curries favor with the mob kingpin, a career criminal rises through the police ranks. But both sides soon discover there\'s a mole among them.','2006-10-04',151,8,'nT97ifVT2J1yMQmeq20Qblg61T.jpg','https://www.youtube.com/embed/r-MiSNsCdQ4',0),(229,'Scarface','After getting a green card in exchange for assassinating a Cuban government official, Tony Montana stakes a claim on the drug trade in Miami. Viciously murdering anyone who stands in his way, Tony eventually becomes the biggest drug lord in the state, controlling nearly all the cocaine that comes through Miami. But increased pressure from the police, wars with Colombian drug cartels and his own drug-fueled paranoia serve to fuel the flames of his eventual downfall.','1983-12-09',170,24,'iQ5ztdjvteGeboxtmRdXEChJOHh.jpg','https://www.youtube.com/embed/lZMIrD36MG8',0),(230,'Zack Snyder\'s Justice League','Determined to ensure Superman\'s ultimate sacrifice was not in vain, Bruce Wayne aligns forces with Diana Prince with plans to recruit a team of metahumans to protect the world from an approaching threat of catastrophic proportions.','2021-03-18',242,32,'tnAuB8q5vv7Ax9UAEje5Xi4BXik.jpg','https://www.youtube.com/embed/ui37YKQ9AC4',0),(231,'Tokyo Story','The elderly Shukishi and his wife, Tomi, take the long journey from their small seaside village to visit their adult children in Tokyo. Their elder son, Koichi, a doctor, and their daughter, Shige, a hairdresser, don\'t have much time to spend with their aged parents, and so it falls to Noriko, the widow of their younger son who was killed in the war, to keep her in-laws company.','1953-11-03',137,16,'g2YbTYKpY7N2yDSk7BfXZ18I5QV.jpg','https://www.youtube.com/embed/xqO0d3328Do',0),(232,'8½','Guido Anselmi, a film director, finds himself creatively barren at the peak of his career. Urged by his doctors to rest, Anselmi heads for a luxurious resort, but a sorry group gathers—his producer, staff, actors, wife, mistress, and relatives—each one begging him to get on with the show. In retreat from their dependency, he fantasizes about past women and dreams of his childhood.','1963-02-14',139,8,'mK7BLRf7zYFl68J4uZqdEt9u7e4.jpg','https://www.youtube.com/embed/RmIC9pQ80Fk',0),(233,'Joker','During the 1980s, a failed stand-up comedian is driven insane and turns to a life of crime and chaos in Gotham City while becoming an infamous psychopathic crime figure.','2019-10-01',122,8,'udDclJoHjfjb8Ekgsd4FDteOkCU.jpg','https://www.youtube.com/embed/-RFFRxcoKfA',0),(234,'Casablanca','In Casablanca, Morocco in December 1941, a cynical American expatriate meets a former lover, with unforeseen complications.','1943-01-15',102,16,'5K7cOHoay2mZusSLezBOY0Qxh8a.jpg','https://www.youtube.com/embed/MF7JH_54d8c',0),(235,'Singin\' in the Rain','In 1927 Hollywood, a silent film production company and cast make a difficult transition to sound.','1952-04-09',103,16,'w03EiJVHP8Un77boQeE7hg9DVdU.jpg','https://www.youtube.com/embed/lSE8sl2-PZg',0),(236,'Togo','The untold true story set in the winter of 1925 that takes you across the treacherous terrain of the Alaskan tundra for an exhilarating and uplifting adventure that will test the strength, courage and determination of one man, Leonhard Seppala, and his lead sled dog, Togo.','2019-12-20',113,24,'921q4gPNN4J6UxvKaw6SCNBe3F8.jpg','https://www.youtube.com/embed/HMfyueM-ZBQ',0),(237,'Good Will Hunting','When professors discover that an aimless janitor is also a math genius, a therapist helps the young man confront the demons that are holding him back.','1997-12-05',127,24,'AlXkMIEjvk2Npc15zyL0r3P4HBH.jpg','https://www.youtube.com/embed/ReIJ1lbL-Q8',0),(238,'Taxi Driver','A mentally unstable Vietnam War veteran works as a night-time taxi driver in New York City where the perceived decadence and sleaze feed his urge for violent action.','1976-02-09',114,32,'ekstpH614fwDX8DUln1a2Opz0N8.jpg','https://www.youtube.com/embed/S7ORyD-e7-0',0),(239,'Capernaum','Zain, a 12-year-old boy scrambling to survive on the streets of Beirut, sues his parents for having brought him into such an unjust world, where being a refugee with no documents means that your rights can easily be denied.','2018-09-20',126,32,'mFnfTVADj8yOxwzprYOmTPselk8.jpg','https://www.youtube.com/embed/maf0AbL3uEw',0),(240,'Piper','A mother bird tries to teach her little one how to find food by herself. In the process, she encounters a traumatic experience that she must overcome in order to survive.','2016-06-16',6,8,'rfEkkVzmrMYqGezNLl02mVyJCP2.jpg','https://www.youtube.com/embed/DW8T9nvitLI',0),(241,'Call Me by Your Name','In 1980s Italy, a relationship begins between seventeen-year-old teenage Elio and the older adult man hired as his father\'s research assistant.','2017-09-01',132,24,'mZ4gBdfkhP9tvLH1DO4m4HYtiyi.jpg','https://www.youtube.com/embed/Z9AYPxH5NTM',0),(242,'Alien','During its return to the earth, commercial spaceship Nostromo intercepts a distress signal from a distant planet. When a three-member team of the crew discovers a chamber containing thousands of eggs on the planet, a creature inside one of the eggs attacks an explorer. The entire crew is unaware of the impending nightmare set to descend upon them when the alien parasite planted inside its unfortunate host is birthed.','1979-05-25',117,8,'uuGKhdNWrZegCr2cYz7OFXiMzNo.jpg','https://www.youtube.com/embed/sVwH0hIvV5k',0),(243,'Central Station','An emotive journey of a former school teacher, who writes letters for illiterate people, and a young boy, whose mother has just died, as they search for the father he never knew.','1998-11-20',110,16,'zJvp7XjQ2LhPbDVYhFXyucs40vR.jpg','https://www.youtube.com/embed/xQZvQblHsBs',0),(244,'Purple Hearts','An aspiring musician agrees to a marriage of convenience with a soon-to-deploy Marine, but a tragedy soon turns their fake relationship all too real.','2022-07-29',122,8,'4JyNWkryifWbWXJyxcWh3pVya6N.jpg','https://www.youtube.com/embed/WTLgg8oRSBE',0),(245,'Silenced','Based on actual events that took place at Gwangju Inhwa School for the hearing-impaired, where young deaf students were the victims of repeated sexual assaults by faculty members over a period of five years in the early 2000s.','2011-09-22',125,8,'p6VHOM2GuMe5MJXagoIZLy4UGXg.jpg','https://www.youtube.com/embed/vOxlmwYmjws',1),(247,'Wonder','The story of August Pullman – a boy with facial differences – who enters fifth grade, attending a mainstream elementary school for the first time.','2017-11-13',113,32,'sONh3LYGFcVDTy8pm1tbSOB13Li.jpg','https://www.youtube.com/embed/ASAGdtAJPnU',3),(248,'The Truman Show','Truman Burbank is the star of The Truman Show, a 24-hour-a-day reality TV show that broadcasts every aspect of his life without his knowledge. His entire life has been an unending soap opera for consumption by the rest of the world. And everyone he knows, including his wife and his best friend, is really an actor, paid to be part of his life.','1998-06-04',103,16,'vuza0WqY239yBXOadKlGwJsZJFE.jpg','https://www.youtube.com/embed/loTIzXAS7v4',3),(250,'Miraculous World: New York, United HeroeZ','Marinette’s class is headed to New York, the city of superheroes, for French-American Friendship Week. The whole class is there...except Adrien, whose father refuses to let him go!','2020-09-25',61,8,'9YbyvcrHmY2SVbdfXpb8mC4Fy0g.jpg','https://www.youtube.com/embed/952fktHweJs',1),(251,'Soul','Joe Gardner is a middle school teacher with a love for jazz music. After a successful audition at the Half Note Club, he suddenly gets into an accident that separates his soul from his body and is transported to the You Seminar, a center in which souls develop and gain passions before being transported to a newborn child. Joe must enlist help from the other souls-in-training, like 22, a soul who has spent eons in the You Seminar, in order to get back to Earth.','2020-12-25',101,16,'hm58Jw4Lw8OIeECIq5qyPYhAeRJ.jpg','https://www.youtube.com/embed/Gs--6c7Hn_A',3),(252,'The Hate U Give','Raised in a poverty-stricken slum, a 16-year-old girl named Starr now attends a suburban prep school. After she witnesses a police officer shoot her unarmed best friend, she\'s torn between her two very different worlds as she tries to speak her truth.','2018-10-19',133,24,'2icwBom0t5nmOuZI9FVXF3gkMK0.jpg','https://www.youtube.com/embed/3MM8OkVT0hw',1),(253,'Full Metal Jacket','A pragmatic U.S. Marine observes the dehumanizing effects the U.S.-Vietnam War has on his fellow recruits from their brutal boot camp training to the bloody street fighting in Hue.','1987-06-26',117,24,'kMKyx1k8hWWscYFnPbnxxN4Eqo4.jpg','https://www.youtube.com/embed/ZFlm7fFfEmU',4),(254,'Palmer','After 12 years in prison, former high school football star Eddie Palmer returns home to put his life back together—and forms an unlikely bond with Sam, an outcast boy from a troubled home. But Eddie\'s past threatens to ruin his new life and family.','2021-01-28',110,24,'xSDdRAjxKAGi8fUBLOqSrBhJmF0.jpg','https://www.youtube.com/embed/8jVuOheTNGQ',4),(255,'The Father','A man refuses all assistance from his daughter as he ages and, as he tries to make sense of his changing circumstances, he begins to doubt his loved ones, his own mind and even the fabric of his reality.','2020-12-23',96,8,'pr3bEQ517uMb5loLvjFQi8uLAsp.jpg','https://www.youtube.com/embed/g0ox9ExOA1M',6),(256,'Reservoir Dogs','A botched robbery indicates a police informant, and the pressure mounts in the aftermath at a warehouse. Crime begets violence as the survivors -- veteran Mr. White, newcomer Mr. Orange, psychopathic parolee Mr. Blonde, bickering weasel Mr. Pink and Nice Guy Eddie -- unravel.','1992-09-02',99,24,'xi8Iu6qyTfyZVDVy60raIOYJJmk.jpg','https://www.youtube.com/embed/t_ecM-orD5w',4),(259,'Guillermo del Toro\'s Pinocchio','During the rise of fascism in Mussolini\'s Italy, a wooden boy brought magically to life struggles to live up to his father\'s expectations.','2022-10-22',117,32,'vx1u0uwxdlhV2MUzj4VlcMB0N6m.jpg','https://www.youtube.com/embed/Od2NW1sfRdA',12),(269,'ILLIT','Like its magnetic','2024-04-01',3,1,'ezgif-7-bac38bc0cd.gif','https://www.youtube.com/embed/Vk5-c_v4gMU',5);
/*!40000 ALTER TABLE `movies` ENABLE KEYS */;
UNLOCK TABLES;

--
-- Table structure for table `movies_has_directors`
--

DROP TABLE IF EXISTS `movies_has_directors`;
/*!40101 SET @saved_cs_client     = @@character_set_client */;
/*!50503 SET character_set_client = utf8mb4 */;
CREATE TABLE `movies_has_directors` (
  `movies_id` int unsigned NOT NULL,
  `directors_id` int unsigned NOT NULL,
  PRIMARY KEY (`movies_id`,`directors_id`),
  KEY `fk_movies_has_directors_directors1` (`directors_id`),
  CONSTRAINT `fk_movies_has_directors_directors1` FOREIGN KEY (`directors_id`) REFERENCES `directors` (`id`) ON DELETE CASCADE ON UPDATE CASCADE,
  CONSTRAINT `fk_movies_has_directors_movies1` FOREIGN KEY (`movies_id`) REFERENCES `movies` (`id`) ON DELETE CASCADE ON UPDATE CASCADE
) ENGINE=InnoDB DEFAULT CHARSET=utf8mb3;
/*!40101 SET character_set_client = @saved_cs_client */;

--
-- Dumping data for table `movies_has_directors`
--

LOCK TABLES `movies_has_directors` WRITE;
/*!40000 ALTER TABLE `movies_has_directors` DISABLE KEYS */;
INSERT INTO `movies_has_directors` VALUES (85,37),(94,37),(86,38),(87,38),(157,38),(88,39),(195,39),(89,40),(90,41),(120,41),(141,41),(91,42),(92,43),(113,43),(135,43),(205,43),(219,43),(93,44),(95,45),(96,46),(190,46),(224,46),(256,46),(97,47),(119,47),(126,47),(98,48),(144,48),(99,49),(209,49),(228,49),(238,49),(100,50),(116,50),(154,50),(101,51),(102,52),(170,52),(103,53),(104,54),(151,54),(152,54),(105,55),(107,252),(108,253),(109,254),(134,254),(110,255),(111,256),(137,256),(227,256),(112,257),(114,258),(125,258),(115,259),(117,260),(118,261),(121,262),(121,263),(121,264),(122,265),(123,266),(124,267),(127,268),(128,269),(129,270),(130,271),(131,272),(132,273),(132,274),(132,275),(133,276),(136,277),(138,278),(139,279),(140,280),(142,281),(153,281),(156,281),(218,281),(143,282),(145,283),(193,283),(199,283),(146,284),(248,284),(147,285),(147,286),(148,287),(176,287),(148,288),(176,288),(149,289),(150,290),(150,291),(155,292),(158,293),(159,294),(159,295),(160,296),(161,297),(162,298),(162,299),(163,300),(164,301),(165,302),(173,302),(166,303),(191,303),(200,303),(253,303),(167,304),(168,305),(169,306),(171,307),(187,307),(172,308),(211,308),(174,309),(174,310),(175,311),(178,311),(175,312),(178,312),(176,313),(176,314),(177,315),(177,316),(179,317),(180,318),(181,319),(182,320),(183,321),(184,322),(185,323),(186,324),(188,325),(189,326),(192,327),(242,327),(194,328),(196,329),(196,330),(197,331),(198,332),(201,333),(201,334),(202,335),(203,336),(204,337),(206,338),(207,339),(208,340),(210,341),(211,342),(212,343),(213,343),(214,344),(215,345),(216,346),(217,347),(220,348),(221,349),(222,350),(223,351),(225,352),(226,353),(229,354),(230,355),(231,356),(232,357),(233,358),(234,359),(235,360),(235,361),(236,362),(237,363),(239,364),(240,365),(241,366),(243,367),(244,368),(245,369),(247,371),(250,373),(251,374),(252,375),(254,376),(255,377),(259,379),(259,380),(269,388);
/*!40000 ALTER TABLE `movies_has_directors` ENABLE KEYS */;
UNLOCK TABLES;

--
-- Table structure for table `movies_has_genres`
--

DROP TABLE IF EXISTS `movies_has_genres`;
/*!40101 SET @saved_cs_client     = @@character_set_client */;
/*!50503 SET character_set_client = utf8mb4 */;
CREATE TABLE `movies_has_genres` (
  `movies_id` int unsigned NOT NULL,
  `genres_id` int unsigned NOT NULL,
  PRIMARY KEY (`movies_id`,`genres_id`),
  KEY `fk_movies_has_genres_genres1` (`genres_id`),
  CONSTRAINT `fk_movies_has_genres_genres1` FOREIGN KEY (`genres_id`) REFERENCES `genres` (`id`) ON DELETE CASCADE ON UPDATE CASCADE,
  CONSTRAINT `fk_movies_has_genres_movies` FOREIGN KEY (`movies_id`) REFERENCES `movies` (`id`) ON DELETE CASCADE ON UPDATE CASCADE
) ENGINE=InnoDB DEFAULT CHARSET=utf8mb3;
/*!40101 SET character_set_client = @saved_cs_client */;

--
-- Dumping data for table `movies_has_genres`
--

LOCK TABLES `movies_has_genres` WRITE;
/*!40000 ALTER TABLE `movies_has_genres` DISABLE KEYS */;
INSERT INTO `movies_has_genres` VALUES (92,1),(97,1),(104,1),(105,1),(108,1),(119,1),(121,1),(126,1),(127,1),(128,1),(132,1),(133,1),(135,1),(148,1),(149,1),(171,1),(175,1),(176,1),(177,1),(178,1),(180,1),(186,1),(188,1),(192,1),(196,1),(204,1),(206,1),(220,1),(229,1),(230,1),(250,1),(97,2),(105,2),(108,2),(113,2),(119,2),(120,2),(121,2),(124,2),(126,2),(127,2),(132,2),(135,2),(141,2),(144,2),(162,2),(175,2),(178,2),(179,2),(180,2),(186,2),(192,2),(194,2),(201,2),(203,2),(204,2),(220,2),(221,2),(222,2),(230,2),(236,2),(90,3),(95,3),(101,3),(105,3),(107,3),(108,3),(120,3),(121,3),(128,3),(129,3),(132,3),(136,3),(140,3),(141,3),(147,3),(148,3),(150,3),(161,3),(162,3),(163,3),(172,3),(174,3),(176,3),(177,3),(179,3),(180,3),(182,3),(185,3),(186,3),(189,3),(194,3),(201,3),(203,3),(206,3),(211,3),(220,3),(222,3),(240,3),(250,3),(251,3),(259,3),(91,4),(93,4),(98,4),(103,4),(105,4),(123,4),(136,4),(142,4),(143,4),(144,4),(147,4),(153,4),(155,4),(156,4),(159,4),(179,4),(180,4),(182,4),(184,4),(198,4),(199,4),(203,4),(210,4),(218,4),(235,4),(248,4),(251,4),(85,5),(86,5),(87,5),(92,5),(94,5),(96,5),(99,5),(105,5),(112,5),(116,5),(134,5),(138,5),(149,5),(151,5),(160,5),(193,5),(200,5),(216,5),(228,5),(229,5),(233,5),(238,5),(252,5),(256,5),(105,6),(85,7),(86,7),(87,7),(88,7),(89,7),(91,7),(92,7),(93,7),(94,7),(95,7),(98,7),(99,7),(101,7),(102,7),(103,7),(104,7),(105,7),(108,7),(109,7),(112,7),(113,7),(114,7),(115,7),(116,7),(117,7),(118,7),(122,7),(123,7),(125,7),(129,7),(130,7),(131,7),(133,7),(138,7),(139,7),(143,7),(145,7),(146,7),(148,7),(149,7),(151,7),(152,7),(153,7),(154,7),(155,7),(156,7),(157,7),(158,7),(159,7),(160,7),(161,7),(163,7),(164,7),(165,7),(166,7),(167,7),(168,7),(169,7),(170,7),(171,7),(172,7),(173,7),(174,7),(176,7),(181,7),(182,7),(183,7),(184,7),(185,7),(187,7),(188,7),(189,7),(190,7),(192,7),(193,7),(195,7),(197,7),(198,7),(199,7),(202,7),(205,7),(207,7),(208,7),(209,7),(210,7),(211,7),(212,7),(213,7),(214,7),(215,7),(216,7),(217,7),(218,7),(222,7),(223,7),(224,7),(225,7),(226,7),(228,7),(229,7),(231,7),(232,7),(233,7),(234,7),(237,7),(238,7),(239,7),(241,7),(243,7),(244,7),(245,7),(247,7),(248,7),(252,7),(253,7),(254,7),(255,7),(259,7),(90,8),(105,8),(115,8),(147,8),(162,8),(167,8),(174,8),(179,8),(180,8),(189,8),(194,8),(201,8),(222,8),(236,8),(240,8),(247,8),(251,8),(259,8),(90,9),(94,9),(97,9),(105,9),(119,9),(120,9),(123,9),(126,9),(128,9),(140,9),(141,9),(147,9),(162,9),(167,9),(172,9),(179,9),(180,9),(182,9),(186,9),(189,9),(201,9),(203,9),(206,9),(211,9),(213,9),(220,9),(222,9),(230,9),(250,9),(251,9),(259,9),(269,9),(88,10),(105,10),(133,10),(166,10),(181,10),(195,10),(202,10),(215,10),(105,11),(111,11),(191,11),(242,11),(105,12),(110,12),(130,12),(163,12),(170,12),(173,12),(194,12),(203,12),(105,13),(111,13),(134,13),(137,13),(171,13),(193,13),(205,13),(209,13),(219,13),(227,13),(91,14),(95,14),(98,14),(102,14),(105,14),(107,14),(114,14),(125,14),(136,14),(140,14),(156,14),(158,14),(161,14),(163,14),(165,14),(172,14),(173,14),(182,14),(185,14),(187,14),(197,14),(198,14),(199,14),(214,14),(222,14),(227,14),(234,14),(235,14),(241,14),(244,14),(105,15),(113,15),(121,15),(124,15),(127,15),(132,15),(135,15),(144,15),(148,15),(175,15),(176,15),(177,15),(178,15),(196,15),(200,15),(204,15),(205,15),(221,15),(226,15),(242,15),(105,16),(203,16),(250,16),(92,17),(93,17),(96,17),(105,17),(111,17),(134,17),(137,17),(138,17),(150,17),(151,17),(160,17),(164,17),(171,17),(186,17),(187,17),(190,17),(191,17),(209,17),(216,17),(217,17),(219,17),(227,17),(228,17),(233,17),(256,17),(88,18),(101,18),(105,18),(131,18),(142,18),(157,18),(166,18),(169,18),(190,18),(195,18),(215,18),(225,18),(253,18),(100,19),(105,19),(154,19),(224,19);
/*!40000 ALTER TABLE `movies_has_genres` ENABLE KEYS */;
UNLOCK TABLES;

--
-- Table structure for table `movies_has_languages`
--

DROP TABLE IF EXISTS `movies_has_languages`;
/*!40101 SET @saved_cs_client     = @@character_set_client */;
/*!50503 SET character_set_client = utf8mb4 */;
CREATE TABLE `movies_has_languages` (
  `movies_id` int unsigned NOT NULL,
  `languages_id` int unsigned NOT NULL,
  PRIMARY KEY (`movies_id`,`languages_id`),
  KEY `fk_movies_has_languages_languages1` (`languages_id`),
  CONSTRAINT `fk_movies_has_languages_languages1` FOREIGN KEY (`languages_id`) REFERENCES `languages` (`id`) ON DELETE CASCADE ON UPDATE CASCADE,
  CONSTRAINT `fk_movies_has_languages_movies1` FOREIGN KEY (`movies_id`) REFERENCES `movies` (`id`) ON DELETE CASCADE ON UPDATE CASCADE
) ENGINE=InnoDB DEFAULT CHARSET=utf8mb3;
/*!40101 SET character_set_client = @saved_cs_client */;

--
-- Dumping data for table `movies_has_languages`
--

LOCK TABLES `movies_has_languages` WRITE;
/*!40000 ALTER TABLE `movies_has_languages` DISABLE KEYS */;
INSERT INTO `movies_has_languages` VALUES (256,1),(195,2),(88,6),(93,6),(103,6),(131,6),(166,6),(169,6),(190,6),(193,6),(195,6),(209,6),(210,6),(224,6),(232,6),(234,6),(157,12),(253,12),(86,15),(87,15),(99,15),(100,15),(102,15),(116,15),(132,15),(149,15),(155,15),(170,15),(181,15),(184,15),(190,15),(197,15),(208,15),(210,15),(217,15),(232,15),(234,15),(241,15),(269,17),(86,18),(87,18),(146,18),(166,18),(210,18),(88,22),(131,22),(269,32),(179,36),(85,39),(86,39),(87,39),(88,39),(89,39),(92,39),(93,39),(94,39),(96,39),(97,39),(98,39),(99,39),(108,39),(109,39),(110,39),(111,39),(113,39),(114,39),(116,39),(117,39),(118,39),(119,39),(121,39),(124,39),(125,39),(126,39),(127,39),(130,39),(131,39),(132,39),(134,39),(135,39),(137,39),(138,39),(139,39),(142,39),(144,39),(145,39),(146,39),(147,39),(149,39),(153,39),(154,39),(155,39),(156,39),(157,39),(158,39),(159,39),(162,39),(165,39),(166,39),(167,39),(170,39),(173,39),(174,39),(175,39),(177,39),(178,39),(179,39),(180,39),(181,39),(183,39),(188,39),(190,39),(191,39),(192,39),(193,39),(194,39),(195,39),(196,39),(197,39),(198,39),(199,39),(200,39),(201,39),(202,39),(203,39),(204,39),(205,39),(207,39),(209,39),(215,39),(216,39),(219,39),(221,39),(224,39),(227,39),(228,39),(229,39),(230,39),(231,39),(232,39),(233,39),(234,39),(235,39),(236,39),(237,39),(238,39),(240,39),(241,39),(242,39),(244,39),(247,39),(248,39),(251,39),(252,39),(253,39),(254,39),(255,39),(256,39),(259,39),(142,42),(216,45),(131,52),(169,52),(181,52),(226,52),(212,54),(213,54),(169,59),(94,70),(96,70),(116,70),(135,70),(149,70),(157,70),(159,70),(160,70),(165,70),(170,70),(183,70),(190,70),(195,70),(202,70),(216,70),(224,70),(232,70),(234,70),(241,70),(250,70),(156,77),(218,77),(90,90),(95,90),(101,90),(104,90),(107,90),(120,90),(121,90),(129,90),(133,90),(135,90),(136,90),(140,90),(141,90),(148,90),(150,90),(151,90),(152,90),(161,90),(163,90),(164,90),(172,90),(175,90),(176,90),(182,90),(185,90),(186,90),(187,90),(189,90),(206,90),(211,90),(215,90),(220,90),(222,90),(231,90),(93,91),(122,91),(171,91),(187,91),(214,91),(245,91),(157,98),(135,103),(239,119),(168,128),(239,129),(112,139),(123,139),(243,139),(228,151),(91,152),(132,152),(175,165),(178,165),(87,166),(96,166),(115,166),(118,166),(121,166),(132,166),(143,166),(165,166),(180,166),(194,166),(197,166),(216,166),(225,166),(229,166),(238,166),(242,166),(116,169),(92,171),(128,171),(223,171),(88,172),(116,172),(201,180);
/*!40000 ALTER TABLE `movies_has_languages` ENABLE KEYS */;
UNLOCK TABLES;

--
-- Table structure for table `orders`
--

DROP TABLE IF EXISTS `orders`;
/*!40101 SET @saved_cs_client     = @@character_set_client */;
/*!50503 SET character_set_client = utf8mb4 */;
CREATE TABLE `orders` (
  `id` int unsigned NOT NULL AUTO_INCREMENT,
  `quantity` int NOT NULL,
  `order_timestamp` datetime NOT NULL DEFAULT CURRENT_TIMESTAMP,
  `total_price` decimal(10,0) NOT NULL,
  `users_id` int unsigned NOT NULL,
  PRIMARY KEY (`id`),
  UNIQUE KEY `movie_id_UNIQUE` (`id`),
  KEY `fk_orders_users1` (`users_id`),
  CONSTRAINT `fk_orders_users1` FOREIGN KEY (`users_id`) REFERENCES `users` (`id`) ON DELETE CASCADE ON UPDATE CASCADE
) ENGINE=InnoDB AUTO_INCREMENT=166 DEFAULT CHARSET=utf8mb3;
/*!40101 SET character_set_client = @saved_cs_client */;

--
-- Dumping data for table `orders`
--

LOCK TABLES `orders` WRITE;
/*!40000 ALTER TABLE `orders` DISABLE KEYS */;
INSERT INTO `orders` VALUES (1,4,'2024-03-20 14:03:18',56,4),(2,4,'2024-03-20 14:03:20',72,4),(3,2,'2024-03-20 14:03:21',24,4),(4,1,'2024-03-20 14:03:22',8,4),(6,3,'2024-03-21 11:52:11',64,51),(7,4,'2024-03-21 11:52:12',80,51),(8,1,'2024-03-21 11:52:13',8,51),(9,5,'2024-03-21 11:52:14',96,51),(14,1,'2024-03-21 18:07:07',48,51),(15,2,'2024-03-21 18:25:56',48,51),(16,1,'2024-03-23 14:30:45',16,51),(18,1,'2024-03-23 14:33:03',24,51),(19,1,'2024-03-23 14:34:50',8,51),(37,1,'2024-03-23 15:57:04',24,51),(38,1,'2024-03-23 16:06:37',32,51),(39,1,'2024-03-23 16:07:28',24,51),(46,1,'2024-03-23 16:27:36',24,51),(47,2,'2024-03-23 16:46:51',48,51),(48,1,'2024-03-23 16:48:02',24,51),(50,1,'2024-03-23 16:51:50',32,51),(53,1,'2024-03-23 17:26:27',16,51),(57,1,'2024-03-23 17:32:00',24,51),(58,1,'2024-03-23 17:32:58',24,51),(63,2,'2024-03-23 17:50:59',56,51),(67,2,'2024-03-23 18:05:43',56,51),(68,2,'2024-03-23 18:07:02',56,51),(70,1,'2024-03-23 18:18:57',32,51),(75,1,'2024-03-23 18:26:58',32,51),(76,1,'2024-03-23 18:28:01',32,51),(77,2,'2024-03-23 18:34:21',56,51),(78,3,'2024-03-23 18:39:39',80,51),(79,4,'2024-03-23 18:46:07',72,51),(80,6,'2024-03-23 18:52:07',128,51),(81,2,'2024-03-23 18:55:49',56,51),(82,3,'2024-03-23 18:59:33',72,51),(83,4,'2024-03-23 19:02:59',96,51),(84,7,'2024-03-26 16:31:43',128,53),(87,2,'2024-03-27 16:47:36',56,40),(89,2,'2024-03-30 08:10:09',24,51),(90,5,'2024-03-30 09:41:07',96,51),(91,5,'2024-03-30 09:46:13',120,51),(92,5,'2024-03-30 10:09:10',96,51),(93,1,'2024-03-30 10:11:12',32,51),(95,2,'2024-03-30 10:13:20',56,51),(96,3,'2024-03-30 10:17:29',80,51),(97,2,'2024-03-31 12:44:29',155,51),(103,1,'2024-03-31 15:20:05',8,40),(104,1,'2024-03-31 15:22:15',32,40),(105,1,'2024-03-31 15:23:34',24,40),(106,1,'2024-03-31 15:32:44',16,40),(107,1,'2024-04-01 15:01:57',32,40),(108,1,'2024-04-01 19:13:17',32,40),(109,1,'2024-04-01 19:16:51',16,40),(110,1,'2024-04-01 19:30:41',16,40),(111,1,'2024-04-02 06:10:21',16,40),(112,1,'2024-04-02 06:33:39',32,40),(113,1,'2024-04-02 06:47:58',1,51),(114,1,'2024-04-02 06:48:28',8,51),(115,1,'2024-04-02 07:01:11',24,51),(116,1,'2024-04-02 07:05:35',8,39),(117,1,'2024-04-02 11:00:48',1,51),(119,1,'2024-04-02 11:35:32',32,53),(120,1,'2024-04-02 11:37:15',24,53),(121,1,'2024-04-02 11:40:27',32,53),(122,1,'2024-04-02 11:42:02',32,53),(123,1,'2024-04-02 11:44:54',24,53),(125,1,'2024-04-02 11:47:33',32,53),(127,1,'2024-04-02 11:51:59',32,53),(128,1,'2024-04-02 11:53:24',24,53),(129,2,'2024-04-02 12:04:52',56,53),(130,1,'2024-04-02 12:06:48',8,53),(131,1,'2024-04-02 12:08:25',8,53),(132,1,'2024-04-02 12:15:16',8,53),(133,1,'2024-04-02 12:16:41',8,53),(134,1,'2024-04-02 12:37:33',24,53),(135,1,'2024-04-02 12:57:38',32,53),(136,3,'2024-04-02 12:59:54',56,53),(140,1,'2024-04-02 17:05:33',24,64),(143,1,'2024-04-03 11:19:02',24,69),(144,1,'2024-04-03 11:19:54',32,68),(145,1,'2024-04-03 11:21:36',24,69),(150,1,'2024-04-03 11:48:27',24,69),(151,1,'2024-04-03 11:50:56',8,69),(152,3,'2024-04-04 01:20:46',40,4),(153,1,'2024-04-04 06:05:53',1,40),(154,1,'2024-04-04 06:06:21',16,69),(155,3,'2024-04-04 10:42:00',80,68),(156,2,'2024-04-04 10:58:56',40,69),(157,1,'2024-04-04 16:25:54',16,40),(158,1,'2024-04-05 05:30:40',32,69),(159,1,'2024-04-05 08:54:49',8,64),(160,2,'2024-04-05 09:02:19',48,73),(161,2,'2024-04-05 09:03:46',32,73),(162,1,'2024-04-05 09:43:36',32,40),(163,3,'2024-04-05 13:46:54',64,40),(164,1,'2024-04-06 05:22:11',1,53),(165,1,'2024-04-09 06:41:47',16,40);
/*!40000 ALTER TABLE `orders` ENABLE KEYS */;
UNLOCK TABLES;

--
-- Table structure for table `orders_has_movies`
--

DROP TABLE IF EXISTS `orders_has_movies`;
/*!40101 SET @saved_cs_client     = @@character_set_client */;
/*!50503 SET character_set_client = utf8mb4 */;
CREATE TABLE `orders_has_movies` (
  `orders_id` int unsigned NOT NULL,
  `movies_id` int unsigned NOT NULL,
  `rental_expiry` date NOT NULL,
  `movie_price` decimal(10,0) NOT NULL,
  PRIMARY KEY (`orders_id`,`movies_id`),
  KEY `fk_orders_has_movies_movies1` (`movies_id`),
  CONSTRAINT `fk_orders_has_movies_orders1` FOREIGN KEY (`orders_id`) REFERENCES `orders` (`id`) ON DELETE CASCADE ON UPDATE CASCADE
) ENGINE=InnoDB DEFAULT CHARSET=utf8mb3;
/*!40101 SET character_set_client = @saved_cs_client */;

--
-- Dumping data for table `orders_has_movies`
--

LOCK TABLES `orders_has_movies` WRITE;
/*!40000 ALTER TABLE `orders_has_movies` DISABLE KEYS */;
INSERT INTO `orders_has_movies` VALUES (1,102,'2024-03-30',16),(1,166,'2024-03-30',24),(1,182,'2024-03-30',8),(1,185,'2024-03-30',8),(2,168,'2024-03-30',8),(2,169,'2024-03-30',24),(2,178,'2024-03-30',8),(2,183,'2024-03-30',32),(3,136,'2024-03-30',16),(3,224,'2024-03-30',8),(4,128,'2024-03-30',8),(6,187,'2024-03-30',32),(6,201,'2024-03-30',24),(6,233,'2024-03-30',8),(7,112,'2024-03-30',16),(7,128,'2024-03-30',24),(7,208,'2024-03-30',24),(7,219,'2024-03-30',16),(8,103,'2024-03-30',8),(9,95,'2024-03-30',32),(9,109,'2024-03-30',24),(9,197,'2024-03-30',16),(9,242,'2024-03-30',8),(9,254,'2024-03-30',16),(14,178,'2024-03-30',16),(14,259,'2024-03-30',32),(15,253,'2024-03-28',24),(16,248,'2024-03-30',16),(18,256,'2024-03-30',24),(19,245,'2024-03-30',8),(37,256,'2024-03-30',24),(38,259,'2024-03-30',32),(39,154,'2024-03-30',24),(46,253,'2024-03-30',24),(47,239,'2024-03-30',32),(48,253,'2024-03-30',24),(50,259,'2024-03-30',32),(53,251,'2024-03-30',16),(57,256,'2024-03-30',24),(58,194,'2024-03-30',24),(63,259,'2024-03-30',32),(67,259,'2024-03-30',32),(68,259,'2024-03-30',32),(70,259,'2024-03-30',32),(75,259,'2024-03-30',32),(76,259,'2024-03-30',32),(77,259,'2024-03-30',32),(78,256,'2024-03-30',24),(78,259,'2024-03-30',32),(79,247,'2024-03-30',32),(79,250,'2024-03-30',8),(79,254,'2024-03-30',24),(79,255,'2024-03-30',8),(80,248,'2024-03-30',16),(80,254,'2024-03-30',24),(80,255,'2024-03-30',8),(80,256,'2024-03-30',24),(80,259,'2024-03-30',32),(81,259,'2024-03-30',32),(82,251,'2024-03-30',16),(82,253,'2024-03-30',24),(82,259,'2024-03-30',32),(83,167,'2024-03-30',32),(83,180,'2024-03-30',32),(83,211,'2024-03-30',8),(83,253,'2024-03-30',24),(84,244,'2024-04-02',8),(84,248,'2024-04-02',16),(84,251,'2024-04-02',16),(84,252,'2024-04-02',24),(84,255,'2024-04-02',8),(84,256,'2024-04-02',24),(84,259,'2024-04-02',32),(87,254,'2024-04-03',24),(87,259,'2024-04-03',32),(89,215,'2024-04-06',16),(89,245,'2024-04-06',8),(90,245,'2024-04-06',8),(90,248,'2024-04-06',16),(90,251,'2024-04-06',16),(90,254,'2024-04-06',24),(90,259,'2024-04-06',32),(91,251,'2024-04-06',16),(91,253,'2024-04-06',24),(91,256,'2024-04-06',24),(91,259,'2024-04-06',32),(92,244,'2024-04-06',8),(92,253,'2024-04-06',24),(92,256,'2024-04-06',24),(93,259,'2024-04-06',32),(95,259,'2024-04-06',32),(96,256,'2024-04-06',24),(96,259,'2024-04-06',32),(97,259,'2024-04-07',32),(103,255,'2024-04-07',8),(104,259,'2024-04-07',32),(105,155,'2024-04-07',24),(106,209,'2024-04-07',16),(107,259,'2024-04-08',32),(108,259,'2024-04-08',32),(109,124,'2024-04-08',16),(110,105,'2024-04-08',16),(111,186,'2024-04-09',16),(112,259,'2024-04-09',32),(113,269,'2024-04-09',1),(114,255,'2024-04-09',8),(115,254,'2024-04-09',24),(116,193,'2024-04-09',8),(117,269,'2024-04-09',1),(119,259,'2024-04-09',32),(120,256,'2024-04-09',24),(121,259,'2024-04-09',32),(122,259,'2024-04-09',32),(123,256,'2024-04-09',24),(125,259,'2024-04-09',32),(127,259,'2024-04-09',32),(128,256,'2024-04-09',24),(129,253,'2024-04-09',24),(129,259,'2024-04-09',32),(130,255,'2024-04-09',8),(131,255,'2024-04-09',8),(132,255,'2024-04-09',8),(133,255,'2024-04-09',8),(134,254,'2024-04-09',24),(135,247,'2024-04-09',32),(136,248,'2024-04-09',16),(136,251,'2024-04-09',16),(136,253,'2024-04-09',24),(140,203,'2024-04-09',24),(143,194,'2024-04-10',24),(144,259,'2024-04-10',32),(145,220,'2024-04-10',24),(150,253,'2024-04-10',24),(151,245,'2024-04-10',8),(152,120,'2024-04-11',16),(152,175,'2024-04-11',8),(152,248,'2024-04-11',16),(153,269,'2024-04-11',1),(154,251,'2024-04-11',16),(155,247,'2024-04-11',32),(155,253,'2024-04-11',24),(155,254,'2024-04-11',24),(156,247,'2024-04-11',32),(156,250,'2024-04-11',8),(157,248,'2024-04-11',16),(158,259,'2024-04-12',32),(159,255,'2024-04-12',8),(160,254,'2024-04-12',24),(160,256,'2024-04-12',24),(161,183,'2024-04-12',16),(161,251,'2024-04-12',16),(162,98,'2024-04-12',32),(163,178,'2024-04-12',16),(163,184,'2024-04-12',24),(163,252,'2024-04-12',24),(164,269,'2024-04-13',1),(165,183,'2024-04-16',16);
/*!40000 ALTER TABLE `orders_has_movies` ENABLE KEYS */;
UNLOCK TABLES;

--
-- Table structure for table `reviews`
--

DROP TABLE IF EXISTS `reviews`;
/*!40101 SET @saved_cs_client     = @@character_set_client */;
/*!50503 SET character_set_client = utf8mb4 */;
CREATE TABLE `reviews` (
  `id` int unsigned NOT NULL AUTO_INCREMENT,
  `body` mediumtext COLLATE utf8mb4_unicode_ci NOT NULL,
  `written_date` datetime NOT NULL DEFAULT CURRENT_TIMESTAMP,
  `rating` int unsigned NOT NULL,
  `movies_id` int unsigned NOT NULL,
  `users_id` int unsigned NOT NULL,
  PRIMARY KEY (`id`),
  UNIQUE KEY `movie_id_UNIQUE` (`id`),
  KEY `fk_reviews_movies1` (`movies_id`),
  KEY `fk_reviews_users1` (`users_id`),
  CONSTRAINT `fk_reviews_movies1` FOREIGN KEY (`movies_id`) REFERENCES `movies` (`id`) ON DELETE CASCADE ON UPDATE CASCADE,
  CONSTRAINT `fk_reviews_users1` FOREIGN KEY (`users_id`) REFERENCES `users` (`id`) ON DELETE CASCADE ON UPDATE CASCADE
) ENGINE=InnoDB AUTO_INCREMENT=331 DEFAULT CHARSET=utf8mb4 COLLATE=utf8mb4_unicode_ci;
/*!40101 SET character_set_client = @saved_cs_client */;

--
-- Dumping data for table `reviews`
--

LOCK TABLES `reviews` WRITE;
/*!40000 ALTER TABLE `reviews` DISABLE KEYS */;
INSERT INTO `reviews` VALUES (68,'very good movie 9.5/10 محمد الشعراوى','2024-03-19 17:37:54',4,85,23),(69,'Make way for the best film ever made people. **Make way.**','2024-03-19 17:37:54',5,85,26),(70,'There is a reason why this movie is at the top of any popular list your will find.\r\nVery strong performances from lead actors and a story line from the literary brilliance of Stephen King (and no, its not a horror).\r\nSufficient drama and depth to keep you interested and occupied without stupefying your brain. It is the movie that has something for everyone.','2024-03-19 17:37:55',3,85,24),(71,'I will not say that the film is predictable, because it is not quite so, due to the fact that we only know Andy’s intentions at the end, and during the film, it is important to understand that there was not a hint of it, but let\'s not forget our guys who so imprudently localized it. I will not be the first, but the word \'redemption\' is translated as \'redemption\'. I don’t know the reason why our localizers decided to spoil the impression to all Russian-speaking people.','2024-03-19 17:37:55',5,85,17),(72,'First time seeing this in probably close to 20 years, maybe longer. Forgot how excellent of a movie this was, amazing all around from the performances, Morgan Freeman and Tim Robbins especially, with a roller coaster of emotions. The writing (from Stephen King\'s novel) direction from Frank Darabont was precise and just all around fantastic. This is the very rare 5 star movies I\'ve given but it is easily one of the best movies, right up there in my book with The Godfather. **5.0/5**','2024-03-19 17:37:56',5,85,21),(73,'No 1 movie for all the time','2024-03-19 17:37:56',5,85,16),(74,'The best movie ever...\r\nA masterpiece by the young and talented Francis Ford Coppola, about a Mob family and their drama, the story telling is perfect, the acting good, sometimes a little over the top in the case of Thalia Shire (the sister of the director)\r\n\r\nThe 70\'s were the best years for Hollywood.','2024-03-19 17:39:38',2,86,16),(75,'Great Movie **Ever**','2024-03-19 17:39:38',2,86,23),(76,'This is by far the greatest movie of all time!  Even better than the first Godfather!','2024-03-19 17:39:39',1,87,17),(77,'Master piece. Fantastic script and evolution of the characters.','2024-03-19 17:39:41',4,89,25),(78,'A timeless classic in which the characters really come to life. Slowly exposing each man\'s thoughts, personalities and prejudices, ‘12 Angry Men’ isn\'t really about solving the crime, but about the power of reasoning, discussion and dialogue.\r\n\r\n9/10','2024-03-19 17:39:42',4,89,24),(80,'One of the great \"masters\" of the anime art. Somehow, if I would personally associate \"Akira\" to \"self-destruction\", then this anime would be the opposite :)','2024-03-19 17:39:43',2,90,21),(81,'The Dilwale Dulhania Le Jayenge is a film considered by most to be one of the greatest ever made. From The American Film Institute to as voted by users on the Internet Movie Database (IMDB) it is consider to be one of the best.','2024-03-19 17:39:44',1,91,22),(82,'Excellent movie. Best of the trilogy. Lovely music. Nolan is a genius. So is Heath Ledger.','2024-03-19 17:40:45',2,92,22),(83,'Perhaps the best Batman movie of all times. I think that this Batman trilogy presents the well-known superhero history in an unexpected way with the capable to maintain on the edge of the chair all time.\r\n**Heath Ledger** present an excellent impersonification of a psychopath.\r\nAll support roles are magnificent.\r\nAnd Bruce Wayne role played by Christian Bale, shows a human being behind of the mask.','2024-03-19 17:40:46',2,92,24),(84,'A Masterpiece!!! I Love how The Dark Knight shows to me the \"Dark & Gritty Tone\". Overall, Nolan give us the Game changing, best superhero film OF ALL TIME. For me it\'s 10/10','2024-03-19 17:40:46',3,92,16),(85,'Unforgettable crime film with good dialogue, thrilling action and chase scenes and once again a magnificent cast (most notably a terrifically terrifying Ledger) and superb score.\r\n\r\n10/10','2024-03-19 17:40:47',1,92,22),(86,'I enjoyed watching the Dark Knight. They were at least able to keep the same batman from the the last one made too.','2024-03-19 17:40:47',5,92,18),(87,'If I can hold my pee for a whole two and a half hours rewatching a film I’ve already seen then I love it.','2024-03-19 17:40:48',1,92,18),(88,'Decent enough dark comedy/thriller, with nice performances and an engaging story, though not entirely sure it was Best Picture worthy though reserving judgment as I\'ve only seen one other nominee, Joker which I loved but not worthy of a BP.\r\n\r\nI don\'t know, maybe I\'m a bit disappointed given the awards the film won and my viewpoint would\'ve been different seeing it a couple weeks back. As it is, had some entertaining and thrilling moments, but emotionally can\'t say I was invested... **3.75/5**','2024-03-19 17:40:49',4,93,23),(89,'\"We all live in the same country... called capitalism.\" \r\n\r\n_Final rating:★★★★ - Very strong appeal. A personal favourite._','2024-03-19 17:40:50',1,93,21),(90,'What starts as a seemingly simple premise quickly unfolds into much more. I didn\'t expect an enhanced perspective into my own life, but that\'s just what happened. Parasite is a timely analysis of the ever-increasing divide between rich and poor, all while being witty enough to make for an exhilarating ride.','2024-03-19 17:41:50',3,93,15),(91,'One of the funniest and most disturbing films I\'ve ever seen. Probably some of the best cinematography ever. 10/10','2024-03-19 17:41:51',5,93,24),(92,'<i>Parasite</i> is fantastic. \r\n\r\nIt\'s clever. It\'s funny. It\'s disturbing. And yes, there is a powerful underlying theme of the divide between rich and poor. But the latter is so deftly weaved into the fabric of the story, you really don\'t think about it much until a fateful scene before the last act. \r\n\r\nIt fully deserved the Oscar for Best Picture and Director. If only for the peach fuzz fight scene.','2024-03-19 17:41:51',4,93,22),(93,'Loved it! It\'s a different kind of movie from your usual run of the mill kind. The twists and turns in the storyline keep you engaged. Recommended!','2024-03-19 17:41:52',3,93,21),(94,'I would never take it away from anyone, but I was underwhelmed.\r\n\r\n_Final rating:★★ - Definitely not for me, but I sort of get the appeal._','2024-03-19 17:41:53',4,95,25),(95,'It has beautiful animation and beautiful characters. It is a funny, sweet and emotional roller coaster of a crowd-pleaser that manages to win your heart.','2024-03-19 17:41:54',4,95,18),(96,'The most romantic movies I have been seen. This is a must watched movie in lifetime!','2024-03-19 17:41:54',5,95,21),(97,'\"Your Name\" weaves a delightful tale of two high schoolers, Mitsuha and Taki, whose lives take an unexpected turn when they start swapping bodies. The unique and captivating plot keeps you on the edge of your seat, as you follow their incredible journey of self-discovery and connection. With a perfect blend of romance, humor, and emotion, this movie is a must-watch for anyone looking to experience a magical and touching story about the power of fate and friendship. Highly recommended!','2024-03-19 17:41:55',1,95,26),(98,'Insane movie! \r\nOne of the bests(if not the best) Tarantino\'s movies!','2024-03-19 17:42:56',3,96,17),(99,'Tarantino is the most overrated director of our times, all his films are silly but people say they are masterpieces, perhaps they are but not for the right way, the only good thing about Tarantino is that he isn\'t afraid of revenge for the sake of making his characters good.','2024-03-19 17:42:56',1,96,26),(100,'really fun to watch and the attention to detail is great','2024-03-19 17:42:57',4,96,18),(101,'Great finale to a great trilogy. The action and battle sequences were amazing and even though I\'ve seen this a few times over the years, still thrilling to the end. I didn\'t even mind the multiple endings as I had in the past, nice each character got their due. **4.75/5**','2024-03-19 17:42:58',1,97,23),(102,'Best movie ever.','2024-03-19 17:42:59',1,98,25),(103,'This is the best movie ever!','2024-03-19 17:42:59',4,98,24),(104,'Solid western, which generally isn\'t a favorite genre of mine, with great performances and some well shot scenes and landscapes. Been a long time since I saw A Fistful of Dollars or For a Few Dollars More, but this is a great entry in the \"Man With No Name\" Trilogy. **4.0/5**','2024-03-19 17:43:01',5,100,21),(105,'The terrible story of two orphaned Japanese kids during the ending of WWII.\r\n\r\nIncredibly well told and totally moving, without using clichés. A must seen in the anime arena.','2024-03-19 17:43:02',4,101,17),(107,'The first half of the screenplay is better than the second and in particular the weak ending which is very commercial Oscar material. However, there is Benigni, who is an old school visual comedian, and some of his antics are a delight. The period setting details are also well done.','2024-03-19 17:43:04',2,103,26),(108,'Fantastic movie with a great touch of reality.','2024-03-19 17:43:05',2,104,16),(109,'At the top of my favorite films ever. Every time I watch it is see something new. Bandits steal peasants rice. Peasants hire ronin samurai to defend them. Great plot, pace and acting. Akira Kurasawa\'s best...perhaps.','2024-03-19 17:43:05',1,104,23),(110,'Pretty f***ed up animated! And I seen Sausage Party!','2024-03-19 17:43:07',1,108,15),(111,'Pretty awesome movie.  It shows what one crazy person can convince other crazy people to do.  Everyone needs something to believe in.  I recommend Jesus Christ, but they want Tyler Durden.','2024-03-19 17:43:08',2,109,18),(112,'In my top 5 of all time favourite movies. Great story line and a movie you can watch over and over again.','2024-03-19 17:43:08',2,109,23),(113,'I was mostly neutral on this movie until the last third, when things turned psychologically thrilling and gave me American Psycho vibes. The \"His name was Robert Paulson\" scene specifically was where the film turned from 3 starts to 4.5 stars. Would recommend and I intend to return to this in some time as I feel it has higher rewatchability than many films of this style.','2024-03-19 17:43:09',4,109,17),(115,'The best movie i\'ve seen, also my head hurts','2024-03-19 17:44:10',3,109,17),(116,'Required viewing.\r\n\r\n_Final rating:★★★½ - I really liked it. Would strongly recommend you give it your time._','2024-03-19 17:44:12',5,111,26),(117,'My most favourite film from the master of suspense.\r\n\r\nThis psychological horror is widely considered to be the first ever slasher film. Powered by great performances from Anthony Perkins & Janet Leigh, and the outstanding score by Bernard Herrmann which adds such great tension throughout the film, it is unarguably the greatest thriller ever made. Only Alfred Hitchcock could make a film so entertaining and so horrifying at the same time.\r\n\r\nThe climax continues to haunt me forever.','2024-03-19 17:44:12',2,111,21),(118,'Amazingly, this is my first ever viewing, not sure why I waited so long, but finally got around to it. Great movie in every way from the performance by Anthony Perkins to the atmosphere, enjoyed every bit of this even though I basically knew the entire plot at this point since all iconic scenes and lines have been repeated over the years. Not sure this is my *favorite* Hitchcock movie as I still prefer Rear Window, but obvious why it has held up 60 years later. **4.5/5**','2024-03-19 17:44:13',1,111,15),(119,'Again hit produced by christopher nolan after batman.\r\nStoryline is great and also the science theory is perfectly showcased.','2024-03-19 17:44:15',3,113,21),(120,'It opens my mind after I watched this movie. I have watched it twice to figure out everything on the movie. Basically, this is the movie talking about earth is not a good place to stay anymore. People have to go to space to find another homeland. It reminds me that we will be like them if we didn\'t care much on environment','2024-03-19 17:44:15',3,113,17),(121,'This mind-bending sci-fi masterpiece took me on an unforgettable journey through space and time. From its breathtaking visuals to the captivating performances, the film had me hooked from start to finish. I couldn\'t help but be inspired by its thought-provoking themes about love, sacrifice, and the boundless nature of human exploration. \"Interstellar\" truly left me in awe and is an absolute must-watch for any movie enthusiast.','2024-03-19 17:44:16',2,113,26),(122,'Stereotypical Sergio Leone film with endless waitings and sight crossings.\r\n\r\nOne of the performances that made Robert de Niro de actor he is and an interesting way of telling a story and the evolution of America during the years of the alcohol prohibition.','2024-03-19 17:45:19',4,116,22),(123,'An epic movie if I ever saw one. Captivating and just plain fun to watch. This movie is, indeed, art.','2024-03-19 17:45:21',3,119,15),(124,'Lost count how many times I\'ve seen the \"The Fellowship of the Ring\" but still fantastic after all these years, epic on every level and just all around entertaining, the 3.5 running time just flies by. Will be watching \"The Two Towers\" either tonight or tomorrow followed by \"The Return of the King\". **4.75/5**','2024-03-19 17:45:22',4,119,18),(126,'It\'s true I liked it less than perhaps the vast majority of _Spider-Verse\'s_ audience, but this was still great, the animation enamouring, and the depth of its story and reference totally engaging. Not to me the best Spider-Man movie as many have said, (that honour still goes to _Homecoming_) but a blast all the same.\r\n\r\n_Final rating:★★★½ - I really liked it. Would strongly recommend you give it your time._','2024-03-19 17:45:24',4,121,21),(127,'My wife doesn’t care for Spider-Man at all - as Batman is her favorite superhero.\r\n\r\nWith that being said, she loves this movie to death, along with my son and I. It’s safe to say we’ve watched this movie over 10 times and we’ve shown it to all our friends. It’s a really great movie that promotes diversity, good animation, and has a great story. I highly recommend to all who are interested in watching.','2024-03-19 17:45:25',4,121,15),(128,'Stan Lee would be proud! Great story, great message, and great animation.','2024-03-19 17:45:25',1,121,17),(129,'It\'s easy to see how this became the visual masterpiece it is. The creators put a lot of love and passion into its making and the results are amazing!','2024-03-19 17:45:26',4,121,26),(130,'I was asleep most of the time while watching this film,  but during the times I was awake, I enjoyed the animation and it looked like something I would\'ve enjoyed - if I weren\'t too busy dozing off.','2024-03-19 17:45:26',2,121,17),(131,'I didn\'t expect I would enjoy this movie this much. The trailers looked too hyped for me and so I thought it would flop just like the other ones. Surprisingly, it didn\'t and I had my eyes glued to the screen because of the awesome animation the creators put out. Really good job!','2024-03-19 17:45:27',2,121,16),(132,'Spider-Man has always been that character that I saw in live-action movies so to see him in an animated version was a first for me. It was hard for me to enjoy it at first but the movie didn\'t seem too bad and had a really good plot.','2024-03-19 17:45:27',5,121,16),(133,'At first,  I expected I was gonna be disappointed because all of the trailers for this Spider-Man looked childish and too millennial for me. And being a fan of the Tobey Spider-Man, I had high expectations. Surprisingly though, I was able to still love the film!','2024-03-19 17:45:28',1,121,24),(134,'No doubt about it. This is truly Marvel, from the bold storytelling all the way to its stylish animations.','2024-03-19 17:45:28',2,121,16),(135,'A lot of risks were taken in this video and all that paid off giving us one hell of a film!','2024-03-19 17:45:29',3,121,15),(136,'Although the story was a textbook plot, it still had enough twists to satisfy both new and returning audiences.','2024-03-19 17:45:29',2,121,24),(137,'This definitely has Stan Lee\'s seal of approval. People in the studio, be proud of yourselves. You have made Stan Lee proud.','2024-03-19 17:45:30',2,121,17),(138,'One of the few films that lived up to the hype and even surpassed my expectations.','2024-03-19 17:45:30',5,121,23),(139,'Watched this movie a couple of times and I think it\'s safe to say that it\'s a near, perfect movie.','2024-03-19 17:45:31',2,121,18),(140,'Animators really outdid themselves on this one by giving each character a uniqueness to them.','2024-03-19 17:45:31',1,121,25),(142,'Despite having a plot that\'s almost predictable, the visual style and the way it was presented made the film feel fresh.','2024-03-19 17:45:32',4,121,24),(143,'The visuals, concepts, soundtrack, and characters are some of the best I\'ve ever seen!','2024-03-19 17:45:33',3,121,26),(144,'This movie is a mixture of many social topics that concern us, being organized coherently into a deeply touching narrative. It reveals many imperfections of the world we lived in, but the main theme is still about hope and love. While the plot is relatively simple, the acting feels truly impressive because of the genuine feelings between the lines.','2024-03-19 17:45:34',2,122,15),(145,'Great but a little long. Sexier than LotR and no hair. Yell acting. Jabba bathes in black goo and kills women horribly. Walken is hilarious. Zendaya still an addict. Bridges is a bit self-serious. Amazing visuals. Really enjoyed...was glad and a bit bored by the end. Shorter Dunes please.','2024-03-19 17:45:35',2,124,18),(146,'Still probably my favorite of the three, while it\'s pretty streamlined and far more action centric with little development compared with Fellowship of the Ring and Return of the King, I always find this one really entertaining with the Helm\'s Deep battle. **4.5/5**','2024-03-19 17:46:38',2,126,15),(147,'A Silent Voice: The Movie (2016) is an absolute gem! ? This beautifully crafted anime film takes you on an emotional rollercoaster, touching your heart and leaving you with a sense of hope and understanding. The characters are so well-developed, and the animation is simply breathtaking. Prepare to be moved and inspired by this poignant story of redemption, forgiveness, and the power of empathy. Highly recommend it for anyone looking for a touching and meaningful cinematic experience!','2024-03-19 17:46:42',4,129,16),(148,'Fantastic movie with a good cast with an impressive Miles Teller and a yet even more impressive J.K. Simmons. Decent script, great directing, selection of the repertoire and performances.\r\n\r\nJust sit down, get a good audio system and enjoy one of the best movies of the 2010s.','2024-03-19 17:46:43',3,130,25),(149,'It is less than what is described as a wonderful piece of art consisting of music, artistic performance, directing and photography. It\'s one of my favorite movies. This piece of art inspired me','2024-03-19 17:46:44',1,130,17),(150,'Pretty intense drumming movie. I think it\'s about the pursuit of perfection and maybe something about fathers. Really great finale. Fingers bleeding. Put this ham on your face!','2024-03-19 17:46:44',3,130,15),(151,'Rating: 9.5\r\n\r\nOverall, another groundbreaking film in the franchise that only builds on everything they created in the previous film as the brilliant animation and incredible writing is used to show the audience a well-rounded story about a Spider-Man who is trying to find his place in the world, with the only major drawback of the movie being that it suffers from the flaws of it being one of two parts.','2024-03-19 17:46:47',1,132,26),(152,'Incredible non stop action movie','2024-03-19 17:46:47',5,132,22),(153,'“It’s like if The Raid met Into The Spiderverse”','2024-03-19 17:49:48',1,132,21),(154,'This is an amazing Japanese classic written and filmed without flaw. The action unfolds in story-telling within story-telling. This is a film about truth. Whose truth? That is the unfoldment. In a perverted way, this amazing piece of work has become predictive of Western corporate banking. Perhaps you\'ll see what I mean at the end of the film.','2024-03-19 17:49:49',3,133,17),(155,'Se7en put David Fincher on the map with this uber-creepy mystery thriller. The crime scenes are so grisly Seven is often ranked with top horror movies. And the ending -- hoo boy. One of the best twists in modern movie history.','2024-03-19 17:49:50',5,134,16),(156,'Whether you watch Inception as a heist movie, a redemption story, or a sci-fi action picture, Christopher Nolan\'s tour de force of dreams will absolutely work its magic over you. The fact that the film works on so many levels (literally) is an attest not only to the visual queues that make it easy for the audience to follow but to how much in control of all the intricacies its filmmaker had to be.','2024-03-19 17:49:51',2,135,21),(157,'Crazy movie. I gotta watch a few more times I was confused. It would be sweet to build your own simulations though.','2024-03-19 17:49:51',1,135,15),(158,'Probably have seen this a half dozen times over the years and still is my favorite Hitchcock movie, favorite mind you not best. Simple story and taking place in one location, but good performances from James Stewart and Grace Kelly. **4.5/5**','2024-03-19 17:49:53',3,137,24),(159,'I love a good plot twist as much as next person but maybe it was better back then.','2024-03-19 17:49:53',4,137,22),(160,'It kind of reminds me of The Rocky Horror Picture Show, because Frank and Jame are drag queens who kill.','2024-03-19 17:49:54',1,138,21),(161,'Despite having a somewhat weak cast, this is an incredibly poignant drama of one man\'s struggle to live a new life. Probably too violent and close-to-home for some.','2024-03-19 17:49:56',2,139,21),(162,'There\'s really no point to the movie. Just a lot of violence. That\'s pretty much it.','2024-03-19 17:49:56',4,139,23),(163,'Probably the best movie from Miyazaki. A mixture of old Japanese traditions with the story about the conflict between the industrial human being and the preservation of the Nature.','2024-03-19 17:49:58',1,141,17),(164,'Hayao Miyazaki\'s arts have always something to remember us that we are naturally harmonized with mother earth and existences. There is still a bond, if one is hurt another, it means the one suffer itself as well.','2024-03-19 17:49:58',3,141,23),(165,'This is my favorite movie from Miyazaki. The visuals are great. The characters are great. The voice acting (English version) is great. The animation is great. Music is great. The story is good. Everything about this movie is so cool and it\'s just really fun to watch.','2024-03-19 17:49:59',1,141,23),(166,'**Entertaining**\r\n\r\nA man goes back in time to save his mother - or something like that anyway - I was too entertained to fully grasp what was going on.  Seriously, this film moves so fast that you will find yourself having to try your hardest to keep up with it.\r\n\r\nGreat movie. Great soundtrack. Great performances. A shame that the sequels did not live up to this one. \r\n\r\n- Ian Beale','2024-03-19 17:50:01',4,144,15),(167,'Not sure how many times I\'ve seen this (first time was on VHS ~1986 or 87 I think) but still an incredibly fun sci-fi comedy with Fox and Lloyd working perfectly off one another. Holds up so well each and every time I re-visit. **4.5/5**','2024-03-19 17:50:01',4,144,23),(168,'Everyone who\'s ever seen this movie loves it. We all wish we could go back in time. I know I do.','2024-03-19 17:50:02',1,144,22),(169,'A quintasential \'80s movie. A time-jumping rollercoaster ride everyone will enjoy getting on board.','2024-03-19 17:50:02',3,144,17),(170,'The first time I saw this movie I was 6 or 7 years old and my friend had it on VHS and since then I can\'t count the number of times I have seen it. Such a fun time travel adventure movie.','2024-03-19 17:50:03',2,144,21),(171,'A classic for the must to be seen list.\r\n\r\nGloria Swanson is magnificent.','2024-03-19 17:50:04',1,145,18),(172,'Ace! <em>\'Sunset Boulevard\'</em> is a splendid flick from 1950.\r\n\r\nI will note that I found the middle to be ever so slightly less interesting than the beginning and ending, though even so overall I most definitely enjoyed watching it. Love the dialogue, the score is excellent too. William Holden and Gloria Swanson are tremendous together onscreen, in what is a supremely well told story.','2024-03-19 17:50:04',1,145,16),(173,'HOW TO MAKE A FEMALE ASSASSIN. TRAUMA, TRAINING THEN GET HER EXTRA ANGRY.  NATILIE PORTMANS FIRST ASSASSIN ROLE AND HOPEFULLY NOT HER LAST.  WE NEED A PART 2 TO THIS MOVIE.','2024-03-19 17:50:07',3,149,23),(174,'I caught this in High School and it instantly took me as an eerie Alfred Hitchcock show that did an outstanding job of feeding on pure paranoia.\r\n\r\nIt was unsettling, it was scary, and at the time it seemed as realistic as it could be for an anime movie.\r\n\r\nAs I rode through it, I started doubting what was real and what wasn\'t and that is a hallmark of a great movie, that ability to keep the viewer on their toes.','2024-03-19 17:50:08',4,150,21),(176,'All what you can expect from a western.','2024-03-19 17:50:11',3,154,17),(177,'I can\'t say that this script doesn\'t play on Clint Eastwood\'s \"Man with No Name\" (which Sergio Leone also directed), but it\'s not important. If you\'re a spaghetti western fan, this film is a step up. The idea of putting Fonda in a bad guy role, and casting Bronson as anti-hero was a little shocking at first. At the end, I see how it worked to film\'s advantage by making all the characters more complex, ambiguous and real. If you were a Clint Eastwood, you\'ll love this film.','2024-03-19 17:51:11',5,154,26),(178,'Jaden Smith is still not much of an actor, but it\'s \"Love Story\" for teens.','2024-03-19 17:51:15',2,158,18),(180,'This is like a Charles Dickens tale, told in awesome animation!','2024-03-19 17:51:27',2,172,24),(181,'We waited till day 5 of release in theaters. There was a slow start to the movie so i don\'t recommend taking little ones under the age of 10. After all the anticipation and hype,Avengers Endgame did not disappoint. Waa a perfect \"ending\' to the series. Very well done','2024-03-19 17:51:30',2,175,16),(182,'Awesome!','2024-03-19 17:51:30',4,175,24),(183,'The amazing fight scenes and CGI aren’t enough to mask the fact that the overall plot of going back in time to change reality is just plain stupid and lazy - and this is addressed to the writers. I did know that there was gonna be some time travel involved, but the way Marvel explained and executed it didn\'t too well for me. They can\'t get away with just putting it all in \"Quantum.”','2024-03-19 17:51:31',1,175,18),(184,'Sure the final fight with Thanos is more than epic, but I expected more than that. I wanted substance and a plot that didn\'t rely on \"quantum\" for all the questions and explanations.','2024-03-19 17:51:31',3,175,15),(185,'Sadly, I didn\'t enjoy this one as much as I did with the first \"Avengers\" movies.','2024-03-19 17:51:32',3,175,17),(186,'Honestly, it felt like it was too much of a set-up for me. Having Antman isolated in the Quantum realm was just too convenient and it felt like Marvel was just looking for a foundation for the script they had for this movie that wasn\'t even as good as the previous ones.','2024-03-19 17:51:32',1,175,21),(187,'Needed more Dr. Strange action! Felt like the final fight scene with Thanos could\'ve been choreographed a lot better especially when you have a magic caster who could dish out different spells like Dr. Strange. But alas, he was instead given the duty of holding off the impending doom from crashing down on his team.','2024-03-19 17:51:33',5,175,16),(188,'Not a big fan of the ending. But I guess when you have only 0.000000000001% chance of winning you can\'t expect it to be the best ending there is.','2024-03-19 17:51:33',2,175,24),(189,'The amazing fight scenes and CGI aren’t enough to mask the fact that the overall plot of going back in time to change reality is just plain stupid and lazy - and this is addressed to the writers. I did know that there was gonna be some time travel involved, but the way Marvel explained and executed it didn\'t too well for me. They can\'t get away with just putting it all in \"Quantum.”','2024-03-19 17:51:34',4,175,25),(190,'Great ending but I still can\'t get over the fact that the writers had to kill my all-time favorite Avenger, Iron Man. Still, it was a sacrifice that must be taken for the greater good. I love the movie!','2024-03-19 17:51:34',2,175,18),(191,'I kind of expected Tony Stark to be the one to take the fall but what caught me off guard was Cap\'s decision to return to his original timeline. Man, I can take losing one main Avenger but two? It was just heartbreaking.','2024-03-19 17:51:35',2,175,22),(192,'That final fight with Thanos was epic! Great idea by the writers to have everybody be teleported back when Cap needed them the most. Officially the greatest superhero movie of all time!','2024-03-19 17:51:35',1,175,15),(193,'With all the hype surrounding this film before its release, it was hard not to have high expectations once it finally went out.I myself am one of those people. Fortunately, it did pretty well and didn\'t disappoint. To me, it would\'ve been better if all their time traveling somehow created ripple effects in the present to make it more realistic but I guess you can only fit so much content in a film.','2024-03-19 17:51:36',3,175,26),(194,'\"It is a bold undertaking, to readjust what is expected of the MCU/Avengers formula, and there are moments when the sheer scale and momentum match the narrative ambition...\"\r\n\r\nRead the full review here: http://screen-space.squarespace.com/reviews/2018/4/25/avengers-infinity-war.html','2024-03-19 17:51:40',2,178,21),(195,'Amazing.  Visually stunning.  So much going on, but somehow also clear and easy to understand.  A little flabby in the middle third, but given the huge cast and story to cover it is very understandable.  The highlight was the parings of characters from different stories and their interactions.\r\n\r\nIf you aren\'t a Marvel fan this film won\'t convert you, but if you have liked any of the previous films you will like this too.\r\n\r\n10/10','2024-03-19 17:51:40',5,178,18),(196,'Best MCU movie, more than that.... BEST SUPERHERO MOVIE EVER. Hands Down','2024-03-19 17:51:41',3,178,22),(197,'Nice Movie.','2024-03-19 17:51:41',3,178,21),(198,'Best Movie Ever...','2024-03-19 17:51:42',5,178,18),(199,'I Love this movie.','2024-03-19 17:51:42',1,178,18),(200,'It\'s the epitome of superhero trash and the franchise of manchildren.  The ultimate smashing your toys together to battle only this time it\'s for the world to see.','2024-03-19 17:51:43',5,178,16),(201,'One of the best Marvel Movies!','2024-03-19 17:52:43',2,178,18),(202,'Josh Brolin portrayed Thanos really beautiful. He was an amazing villain that kept all the Avengers on their edge and made them think it was a bit hopeless to really go against him.','2024-03-19 17:52:44',4,178,15),(203,'This is a blast of a Marvel movie and I can\'t wait to see what will happen next. You are clueless and you don’t know what will happen, keeping us all on the edge of our seats. Fascinating!','2024-03-19 17:52:44',2,178,18),(204,'Here we are 10 years later with one of the most anticipated movies of all time! The CGI was much better, the story was better...everything about the Infinity War was great!','2024-03-19 17:52:45',4,178,17),(205,'It is unlike anything ever done in the history of cinema. This one is masterfully woven from the culmination of Marvel movies throughout the years. Truly amazing!','2024-03-19 17:52:45',3,178,22),(206,'The character development for Thanos was so good that it made me think that maybe he was right. He was the villain that surpassed all the other villains from the past Marvel movies. Trust me, this is the movie that might have changed the MCU.','2024-03-19 17:52:46',2,178,18),(207,'GOOSEBUMPS! Infinity War is worth watching. The usual comedic banter between the casts, the awesome CGI, amazing plotline, the results did not disappoint.','2024-03-19 17:52:46',1,178,25),(208,'Avengers: Infinity War was clearly much better than Avengers: Endgame in the sense that 1) it was better in terms of writing, 2) it is the true culmination of an entire decade of MCU films, and 3) Endgame gave me more questions than answers.','2024-03-19 17:52:47',2,178,26),(209,'Really good movie better then the first. I loved the beard it was pretty funny looking. The storyline was way better then part one.','2024-03-19 17:52:49',3,180,26),(211,'This movie has a weak understanding of not only the truth in the relationship between the two characters based on actual people, but simplifies the subject of race relations. It was a terrible choice for best picture.','2024-03-19 17:52:51',5,181,26),(212,'After a superb opening scene we get a heartwarming feel-good film that plays it a little too safe, but the chemistry between the two leads and some humor make ‘Green Book’ funny and highly enjoyable.\r\n\r\n8/10','2024-03-19 17:52:52',5,181,26),(214,'THIS ANIMATION IS AWESOME!!!!!\r\n\r\nIdiot fan : Yes, but what do you mean aw--?\r\n\r\n**AWESOME!!!**\r\n\r\nIdiot fan : Umm...yes.  I got that.  But--?\r\n\r\nLook at me!!  Look.  At.  My.  Mouth.  **AWESOME!!!**\r\n\r\nIdiot fan : >sigh--\r\n\r\n**AWWWWWWWWWWWWWWWWWWWWESOME!!!!**\r\n\r\nIdiot fan : [stares] ...  Thank you.\r\n\r\nYou\'re welcome.  ....  Don\'t forget.  This animation\'s--\r\n\r\nIdiot fan : I know!  [in low uninspired voice w/ jazz hands] \"Awwwwsome!\"\r\n\r\nNO!!  Season two is going to be **MEGA-AWESOME!!!**','2024-03-19 17:52:58',1,186,21),(216,'> Loved this movie.  Even had me guessing to the end.  Seems like every cast member picked to play their role was the only person that could pull it off especially for the song of Goose.  9.9/10 sequel never lived up to original this one did. 10/10','2024-03-19 17:53:01',5,188,25),(217,'This was a good movie. It has a pretty generic story, but its filled with a lot of heart and the right music at the right times. It also helps that on the technical side. It crispy clear video and amazing audio keeps you totally immersed.','2024-03-19 17:53:01',3,188,18),(218,'I\'m a simple man, I see Christopher McQuarrie\'s name, and I get ready for some well-crafted action filmmaking.\r\n\r\nThis is easily one of the best action movies I\'ve gotten the chance to see in theaters, grounded in a rock-solid emotional foundation. The screenplay does an excellent job giving us all of its payoffs in a mesmerizing finale, almost as well as the Wachowski\'s SPEED RACER. Impactful stuff.\r\n\r\nLooks great, sounds great, feels great. Loved it.','2024-03-19 17:53:02',1,188,15),(219,'nice movie','2024-03-19 17:53:02',1,188,17),(220,'Really solid action-thriller with amazing stunts and pulls on the heartstrings without feeling forced. Tom Cruise is great as usual and Miles Teller was fine though didn\'t feel like he had enough time to shine, but his scenes with Cruise were good. Jennifer Connelly has aged really well and they did nice service for Val Kilmer\'s Iceman. Really solid, entertaining old fashioned blockbuster. **4.25/5**','2024-03-19 17:53:03',3,188,22),(223,'A modern approach to the myth of the wolverine in the wolf extincted Japan.\r\n\r\nThe animation is really fantastic, specially the background staging.\r\n\r\nThe story is interesting and is quite touching the struggle of the mother to raise her children but at some point it becomes a bit boring for lack of rythm.','2024-03-19 17:53:05',1,189,18),(224,'Second time seeing this since it was released on Blu-ray in 2009 and still is a solid war-thriller with Tarantino\'s flair with dialogue and of course, feet. But seriously, despite being 2.5 hours, the time flew by thanks to the brisk pace and great performances from all around. Not my favorite Tarantino film but it\'s up there. **4.5/5**','2024-03-19 17:53:07',4,190,24),(226,'A masterpiece. Kubrick chose a perfect cast and uses the timing and music to create a greatly opressing atmosphere.\r\n\r\nNicholson is superb, but Duval and the kid are not less good.','2024-03-19 17:53:09',5,191,23),(227,'Probably my favorite of the Stephen King adaptations (though not much for many of the others save for a one or two) but not amongst Stanley Kubrick\'s, watched this one for the first time in many years (maybe a decade) and while I did immensely enjoyed it, and really liked Nicholson towards the end, I never really bought into him early on. Still, atmospherically it was amazing and at times creepy. But can\'t place this as some sort of classic in my book, anyway. **4.0/5**','2024-03-19 17:53:09',3,191,17),(228,'\"Darling, I\'m not gonna hurt you. I\'m just gonna bash your brains in.\"\r\n\r\n<i>The Shining</i> is a great example of how musical score and cinematography can elevate a movie to the best-of-the-best. \r\n\r\nI tend to agree with Stephen King that Jack Nicholson looked like a crazy loon from the beginning, making his decent into madness less dramatic. \r\n\r\nBut that can be forgiven by all the iconic scenes masterfully weaved into a horror classic.','2024-03-19 17:53:10',2,191,18),(229,'\"Darling, I\'m not gonna hurt you. I\'m just gonna bash your brains in.\"\r\n\r\nThe Shining is a great example of how musical score and cinematography can elevate a movie to the best-of-the-best.\r\n\r\nI tend to agree with Stephen King that Jack Nicholson looked like a crazy loon from the beginning, making his decent into madness less dramatic.\r\n\r\nBut that can be forgiven by all the iconic scenes masterfully weaved into a horror classic.','2024-03-19 17:53:10',3,191,25),(231,'Great thriller with superb classical interpretations. The plot moves sometimes too lazily.','2024-03-19 17:53:13',2,193,16),(232,'Spectacularly colourful with a sweet, (albeit predictable) path. Certainly not a misfire from Pixar, but also did not appeal to me personally in the way that many of their other films have.\r\n\r\n_Final rating:★★½ - Not quite for me, but I definitely get the appeal._','2024-03-19 17:53:15',4,194,25),(233,'I loved the movie starting from the characters, animation, colors, emotions, story everything. A good way to tell how important a family is. Happy it had a happy ending.','2024-03-19 17:53:15',1,194,17),(234,'The Martix is a great example of a movie that will live for ever or a very log time. The story and concept are out of this world. Keanu Reeves plays his role with utter brilliance, the cast was very well put together and the graphics are still to this day amazing. All in all one of the best movies of all time.','2024-03-19 17:53:18',2,196,15),(235,'It was around 2001 that I first watched this film and recently giving it another go, ever since, doesn\'t change the fact for me that this movie is an timeless piece of filmaking. From the characters to the striking and thought-provoking story, it basically has everything to make an action film a 10/10 in a book.','2024-03-19 17:53:18',3,196,16),(236,'Finally got to see this on the big screen thanks to the TIFF Bell Lightbox in glorious 35mm. My reaction: whoa!\r\n\r\nOn top of that, I was able to participate in a round table discussion over the film\'s technical innovations, thematic philosophies, religious metaphors, undertones of gender politics, and absolute ass-kicking action. Can a movie be any more perfect?','2024-03-19 17:53:19',2,196,18),(237,'A tiypical Billy Wilder comedy. Fun and with great script and performance from Jack Lemmon.\r\n\r\nA must to see.','2024-03-19 17:53:22',3,199,24),(239,'Some great visuals and direction not to mention an incredible performance from Malcolm McDowell, I wasn\'t totally into this, the first half especially was taxing to get through to the point I stopped watching and only finished a couple days later. The rest was good and found myself a bit more engaged however as a whole, this one never grabbed me. **3.5/5**','2024-03-19 17:53:23',1,200,22),(240,'This is not a Movie. It is a television program. It is a filmed stage play that is being broadcast on television. These things do not add up to this being a film, not even a TV-movie.','2024-03-19 17:53:25',4,202,16),(241,'What a load of rubbish, trying too much to be edgy it became disgusting','2024-03-19 17:53:26',5,202,17),(242,'There is great entertainment in seeing the two fellow-rivals battling each other, but it is only after the final twist that the viewer realises the entire film is a magic trick, a prestige, itself.\r\n\r\n10/10','2024-03-19 17:53:29',4,205,16),(243,'Nolan should make more period dramas.','2024-03-19 17:53:29',3,205,26),(244,'Great setting, cast, story and performances. A must to be seen.','2024-03-19 17:53:31',4,207,17),(245,'A heartwarming yet surprisingly bleak masterpiece of hope and despair.','2024-03-19 17:53:32',2,208,17),(246,'Nice movie','2024-03-19 17:54:34',2,209,17),(247,'Mind-tripping psychological-thriller from Martin Scorsese, a bit of a change-up for him, with great performances all around of course including DiCaprio and Kingsley. This was my first viewing as I had procrastinated watching this for whatever reason, but found it highly entertaining with amazing, foreboding atmosphere. **4.5/5**','2024-03-19 17:54:34',2,209,16),(251,'This is not the most brilliant script in the world. On the other had, as rom-coms go, it was put together beautifully, and well worth watching.\r\n\r\nMy wife didn\'t think it was very good at the beginning - too sophomoric, I imagine. By the end, she was into it. Our problem, not being Korean, it took us near half the movie to figure out which boy was which.\r\n\r\nKim Yoo-jung is absolutely adorable, and the triumvirate of leads are all handsome.','2024-03-19 17:54:41',2,214,23),(252,'Out of all the films nominated for best picture, there is one that isn’t getting much attention at all. In Hacksaw Ridge, the narrative surrounding the film doesn’t have much to do the film at all because it’s identity seems to be centered on Mel Gibson’s comeback.\r\n\r\nRead More: https://reviews.boxofficebuz.com/review/hacksaw-ridge','2024-03-19 17:54:43',1,215,21),(253,'Great movie with superb performance from Kevin Spacey, well accompanied with the rest of the cast.','2024-03-19 17:54:44',1,216,23),(254,'Cute and funny. It is difficult to say anything new from this movie or Charles Chaplin. He just delivers a complete story with a lot of different elements. Remarkable is also the performance of Jackie Coogan.','2024-03-19 17:54:46',2,218,18),(255,'Excellent. I can\'t believe I\'ve finally gotten around to watching all of Christopher Nolan\'s films (I have \'The Prestige\' on DVD, but have yet to see it), but it\'s been well worth the wait. There are a couple of handful of English-language directors operating right now that I will make sure I watch every single film of, and Nolan has become one of those for me, and rightfully so. A very fine twist on the noir framework.','2024-03-19 17:54:48',2,219,15),(256,'Structuring the film in such a way that the viewer knows as little as the protagonist, the Nolan\'s have created a nifty puzzle that slowly unravels to its climax.\r\n\r\n8/10','2024-03-19 17:54:48',3,219,25),(257,'A highly entertaining yet disturbing film with superb cast and performances for an audience who would likely never consider watching a film fundamentally about slavery, where Tarantino is masterfully and emphatically navigating and exposing the complex layers of the violent and dehumanizing system of slavery.','2024-03-19 17:54:54',1,224,18),(258,'This movie is like an onion, has multiple layers. To understand it, you have to be very careful and pacient. You have to focus on movie and not doing anything else while you watch it, because if you don\'t, you won\'t understand it. \r\n\r\nhttp://cinematol.ro/pareri-filme-stalker-calauza-1979/','2024-03-19 17:54:56',5,226,18),(259,'I will never understand the universal adoration for Vertigo. Blindly inherited wisdom is the only explanation. How anyone could prefer this to North by Northwest or Rear Window is beyond me. An exceptionally made, exceptionally boring movie','2024-03-19 17:54:58',5,227,16),(260,'Not one of my favorites from Hitchcock, and certainly dower, but still visually striking and two amazing performances from James Stewart and Kim Novak. This is only the second time seeing this, guessing the last time was maybe 10 years ago or so, not entirely sure when I\'ll revisit it. **3.75/5**','2024-03-19 17:54:58',2,227,24),(261,'Perhaps it’s due to my dislike for the overrated “North By Northwest”, but as of now this is my favourite Hitchcock.','2024-03-19 17:55:59',2,227,17),(262,'Immensely great crime-drama that features some great performances and excellent writing from Oliver Stone (and this coming from someone who isn\'t a big fan of his) to the direction by Brian De Palma. The score is great though still love the song \"Take It to the Limit\" during the money laundering scene. Still a few slots below the likes of The Godfather and Heat, yet still a amazing film that holds up so well. **4.5/5**','2024-03-19 17:56:01',3,229,18),(263,'10/10 this is absolutely fantastic, just 1 word, #RestoreTheSnyderVerse','2024-03-19 17:56:03',1,230,17),(264,'Say what you want about this movie! It\'s great and everything. But what do you say about this app? I think you guy should hire this one. He\'s a keeper.','2024-03-19 17:56:03',4,230,15),(265,'Ok lets clear stuff up before hand. It\'s still the same movie with extra scenes. There alot of friction from which was good and bad or bad to worse. at the end its all about personal taste. Zack Snyder version was better covering the story of each character we have not seen in the series, but he also did stretch it out for so long that the movie hinges on to long. But overall a good movie just longer.','2024-03-19 17:56:04',4,230,17),(267,'A necessary film, in the way that vegetables are necessary.','2024-03-19 17:56:06',4,231,25),(268,'The Joker is similar to the DC Joker character but is not a criminal genius. The movie was a great depiction of how a person who has been mistreated, lied to, and ignored, totally lacking access to human compassion, can snap. The acting is top notch, and it puts a spotlight on the importance of mental health in modern times.','2024-03-19 17:56:08',3,233,15),(269,'It is intersting to analyze this movie in a context of global increase of violent social movements against the Establishment. Joker succeed in making me accept a violent reactions without really explicit political fundation.','2024-03-19 17:56:08',3,233,23),(270,'Carried by a terrific Phoenix, ‘Joker’ leaves an emotional impact as we see a bullied clown slowly transform into someone who enjoys creating chaos. Too bad we don\'t get to enjoy Phoenix as Joker more, though, because pretty soon after the turning point, the movie ends.\r\n\r\n10/10','2024-03-19 17:56:09',5,233,17),(271,'It was exactly what it wanted to be, and it pulled it off perfectly. The \"slow\" parts add a lot to the atmosphere and it all culminates in a dramatic and unforgettable ending.','2024-03-19 17:56:09',3,233,25),(272,'I knew it was gonna be super hard for me to like a Joker after Heath Ledger... Cameron in Gotham did awesome, Leto was really insane as Mr. J. But, I wanted a Joker stand alone... And this is what they gave me...\r\n\r\nBrilliant. From start to finish i just was on the edge of my seat. This movie pulled at my heart. I saw myself in this character and understand every reason why a series of bad days could make a person ... Snap. Well done.','2024-03-19 17:56:10',1,233,18),(274,'Just a masterpiece mixing an interesting background story, great script with good humor, exceptional singers and dancers and a Gene Kelly that is just genial, well sided with Donald O\'Connor and Debbie Reynolds.\r\n\r\nA must to be seen.','2024-03-19 17:56:12',5,235,16),(275,'A near-perfect, timeless movie which will be responsible for many tears and yeast infections. Languid small-town living is captured perfectly, as is the tentative romance between the leads. I can\'t think of any substantive criticism until the last 25 minutes, when the movie becomes sloppy, less of a climax than a dissipation. (And personally, I\'d have liked to see a sliver more of sexuality, which is oddly lacking.) Still, it\'s good. Watch it.','2024-03-19 17:56:18',3,241,17),(277,'The baby xenomorph looks like a muppet.','2024-03-19 17:56:19',3,242,22),(278,'A masterpiece!\r\n\r\nCan be rewatched indefinitely!','2024-03-19 17:56:20',1,242,17),(281,'Truman...One of my favourite films. It\'s just hilarious. The whole concept that this man thinks he is living in the real world.\r\n\r\nVery well done to the Director and Writers!','2024-03-19 17:56:26',4,248,21),(282,'In a world experimenting with big brother reality shows and questioning what is real in a mtrix kind of way, The Truman Show is a splendid and well executed movie about a man owned by a corporation from birth, who lives on the set while not being aware of the fact that everything around him is fake. Brilliant Jim Carey.','2024-03-19 17:56:27',1,248,15),(283,'Seen this one numerous times, including in the theater, and still holds up so well, and is engrossing from beginning to end. It was the first time seeing how versatile Jim Carrey was. Just a great all around movie. **4.5/5**','2024-03-19 17:56:27',4,248,23),(284,'How the heck did they make so much money off advertisements?!','2024-03-19 17:56:28',2,248,22),(285,'I watched a cartoon with children. Kind and deep cartoon. I liked the humor, especially when the hero\'s soul moved into the cat. I recommend it for family viewing','2024-03-19 17:56:30',5,251,25),(286,'\'The Father\' is a standout during this very bland awards season, but just because it\'s both a critical darling and awards frontrunner doesn\'t take away from the emotional power and stellar performances for Colman and Hopkins.\r\n- Chris dos Santos\r\n\r\nRead Chris\' full article...\r\nhttps://www.maketheswitch.com.au/article/review-the-father-a-deeply-moving-look-at-mental-illness','2024-03-19 17:56:34',1,255,16),(287,'‘The Father’ is an incredibly moving film that leaves you as confused in time and place as the main character (an incredible Hopkins), allowing the audience to experience - if only a little - what it must feel like to have dementia.\r\n\r\n9/10','2024-03-19 17:56:34',1,255,24),(288,'This unique take on the heist-film-gone-wrong was excellent--stylish and intelligently made, yet very funny and inexpensive. Tarantino\'s accolades from giving American cinema the resuscitation it needed mirrors what has happened, at least since the 70\'s, with Martin Scorsese\'s \'Mean Streets\', both in terms of entertaining violence and usage of music in the scoring of films. I greatly thank Harvey Keitel for taking a chance on Tarantino back then--It paid off in spades.','2024-03-19 17:56:36',3,256,26),(294,'test','2024-03-30 17:24:11',5,255,40),(295,'dune more like idk','2024-04-01 19:16:18',5,124,40),(296,'jordna','2024-04-02 07:31:47',5,269,40),(297,'this is not a movie. 1/5','2024-04-02 15:48:23',3,269,51),(298,'why i put 1/5 but its 3 stars','2024-04-02 15:48:40',3,269,51),(299,'this is 2/5','2024-04-02 15:48:52',3,269,51),(300,'this is 3/5','2024-04-02 15:49:05',3,269,51),(301,'wait what 4/5','2024-04-02 15:49:20',4,269,51),(302,'ONE STAR','2024-04-02 16:01:46',1,269,51),(303,'what','2024-04-02 16:35:35',3,269,40),(304,'test','2024-04-02 16:35:42',3,269,40),(305,'whymis it 3\r\n','2024-04-02 16:35:52',3,269,40),(306,'nothing to say','2024-04-02 17:01:42',3,203,64),(307,'asdas','2024-04-02 17:07:40',5,269,40),(308,'illit','2024-04-02 17:10:09',1,269,40),(309,'test','2024-04-04 06:03:16',5,259,40),(310,'trash','2024-04-04 06:12:40',1,181,40),(311,'Very nice movie','2024-04-04 10:18:05',5,254,68),(314,'&lt;script&gt;alert(123)&lt;/script&gt;','2024-04-04 14:32:08',5,269,53),(315,'&quot;&gt;&lt;script&gt;alert(document.cookie)&lt;/script&gt;','2024-04-04 14:35:59',5,269,53),(316,'&#039;; DROP TABLE users; --','2024-04-04 14:37:48',5,269,53),(319,'hello world','2024-04-04 15:19:28',5,259,51),(320,'this pinocchio is v good, but he lying so 3/5','2024-04-04 16:19:26',3,259,53),(321,'who tf wrote this','2024-04-05 04:33:09',5,186,40),(322,'erst','2024-04-05 04:33:43',5,269,40),(325,'this movie sucks!','2024-04-05 09:29:14',5,98,40),(326,'test test','2024-04-05 09:43:59',5,98,40),(327,'Life is worth living, I guess!','2024-04-05 13:04:56',4,251,73),(328,'I cry like a baby every time I watch this','2024-04-05 13:08:47',5,183,73),(329,'why is my responsive not working','2024-04-05 13:14:38',5,269,40),(330,'get this off my carousel','2024-04-09 06:42:16',1,183,40);
/*!40000 ALTER TABLE `reviews` ENABLE KEYS */;
UNLOCK TABLES;

--
-- Table structure for table `users`
--

DROP TABLE IF EXISTS `users`;
/*!40101 SET @saved_cs_client     = @@character_set_client */;
/*!50503 SET character_set_client = utf8mb4 */;
CREATE TABLE `users` (
  `id` int unsigned NOT NULL AUTO_INCREMENT,
  `username` varchar(16) NOT NULL,
  `fname` varchar(255) DEFAULT NULL,
  `lname` varchar(255) NOT NULL,
  `email` varchar(255) NOT NULL,
  `password` varchar(255) NOT NULL,
  `profile_pic_url` text,
  `create_time` datetime NOT NULL DEFAULT CURRENT_TIMESTAMP,
  `email_validated` tinyint(1) NOT NULL DEFAULT '0',
  `admin_controls` tinyint(1) NOT NULL DEFAULT '0',
  `session_id` varchar(255) DEFAULT NULL,
  PRIMARY KEY (`id`),
  UNIQUE KEY `id_UNIQUE` (`id`),
  UNIQUE KEY `username_UNIQUE` (`username`),
  UNIQUE KEY `email_UNIQUE` (`email`)
) ENGINE=InnoDB AUTO_INCREMENT=75 DEFAULT CHARSET=utf8mb3;
/*!40101 SET character_set_client = @saved_cs_client */;

--
-- Dumping data for table `users`
--

LOCK TABLES `users` WRITE;
/*!40000 ALTER TABLE `users` DISABLE KEYS */;
INSERT INTO `users` VALUES (3,'JORDAN',NULL,'.','.','.','_madameweb_card.jpg','2024-03-17 00:00:00',1,1,NULL),(4,'hanwei23','Han Wei','Toh','tohhanwei9645@gmail.com','$2y$10$9Aq9je6vJQkGytavjpt85.A8fWFFfu3WUoSzmOzrzcX1w0PhgZZpG','profile_pic.jpg','2024-03-17 06:31:21',1,0,'65f9807ff10e9'),(5,'user1','jane','doe','jane@gmail.com','$2y$10$DU76MG5PaB/W0.EXz4TQ1ex.yp8mDc36R./nGzyLe8QnmJDOllBGK','profile_pic.jpg','2024-03-19 07:06:29',0,0,NULL),(6,'janedoe','jane','doe','janedoe@gmail.com','$2y$10$iwpF4KsWemIwba7.P6kHW.HIxhfxSbYCmUDR5Q21nno9JrxMg9YZq','profile_pic.jpg','2024-03-19 07:35:38',0,0,NULL),(15,'cmurphy','Cillian','Murphy','cillian@murphy.com','c97ace4c8fef2cee8fa0f3c9f52aab18dbd4f42438afe362ffb8f75ce4c04b84','profile_pic.jpg','2024-03-19 16:49:36',0,0,NULL),(16,'wKen','Ken','Watanabe','hello@review.com','c97ace4c8fef2cee8fa0f3c9f52aab18dbd4f42438afe362ffb8f75ce4c04b84','profile_pic.jpg','2024-03-19 16:49:36',0,0,NULL),(17,'cobb','Leonardo','Dicaprio','leo@getmovies.com','c97ace4c8fef2cee8fa0f3c9f52aab18dbd4f42438afe362ffb8f75ce4c04b84','profile_pic.jpg','2024-03-19 16:49:36',0,0,NULL),(18,'ariadne','Elliot','Page','elliot@watchmovies.com','c97ace4c8fef2cee8fa0f3c9f52aab18dbd4f42438afe362ffb8f75ce4c04b84','profile_pic.jpg','2024-03-19 16:49:36',0,0,NULL),(21,'tarantinofeet','Quentin','Tarantino','taran@getmovies.com','c97ace4c8fef2cee8fa0f3c9f52aab18dbd4f42438afe362ffb8f75ce4c04b84','profile_pic.jpg','2024-03-19 16:50:30',0,0,NULL),(22,'oppenheimer','J. Robert','Oppenheimer','bomb@physicist.com','c97ace4c8fef2cee8fa0f3c9f52aab18dbd4f42438afe362ffb8f75ce4c04b84','profile_pic.jpg','2024-03-19 17:10:42',0,0,NULL),(23,'emilysmiling','Emily','Blunt','emily@smiling.com','c97ace4c8fef2cee8fa0f3c9f52aab18dbd4f42438afe362ffb8f75ce4c04b84','profile_pic.jpg','2024-03-19 17:11:52',0,0,NULL),(24,'happyguy','Matt','Damon','matt@damon.com','c97ace4c8fef2cee8fa0f3c9f52aab18dbd4f42438afe362ffb8f75ce4c04b84','profile_pic.jpg','2024-03-19 17:11:52',0,0,NULL),(25,'david',NULL,'Krumholtz','david@krumholtz.com','c97ace4c8fef2cee8fa0f3c9f52aab18dbd4f42438afe362ffb8f75ce4c04b84','profile_pic.jpg','2024-03-19 17:13:28',0,0,NULL),(26,'rdj','Lewis','Strauss','lewis@strauss.com','c97ace4c8fef2cee8fa0f3c9f52aab18dbd4f42438afe362ffb8f75ce4c04b84','profile_pic.jpg','2024-03-19 17:13:28',0,0,NULL),(29,'nothappy','not','happy','nothappy@happy.com','','profile_pic.jpg','2024-03-19 17:28:05',0,0,NULL),(30,'jord','chan','chan','chan@chan.com','','profile_pic.jpg','2024-03-19 17:32:12',0,1,NULL),(31,'Aer','jordan','chan','123@123.com','','profile_pic.jpg','2024-03-19 17:32:48',0,1,NULL),(33,'casss','','seee','cassee@gmail.com','$2y$10$/yELeorvw7bL4LvQda3Ige9Tk6lgWWGuW5/vtcSzV9dZJW9e3/L4y','profile_pic.jpg','2024-03-19 18:14:05',0,0,NULL),(34,'jijiji','','leoj','asdf@gmail.com','$2y$10$9ttZ1wr.1FE3zMb/vy6DAeiSM.uI1gEoJ7HAK4UrTsZWrbjG4LX.O','profile_pic.jpg','2024-03-20 02:53:04',0,0,NULL),(35,'tim23','','timmy','tim@gmail.com','$2y$10$TdlGp.s4/LYCE6xUr8H8.uNCX.8xyRFjMA9.R6tAjLPFrViSbk8tm','profile_pic.jpg','2024-03-20 02:59:07',0,0,NULL),(36,'hanwei12','','hanwei','we@gmail.com','$2y$10$orJW1R0KTNi4HnbxEdd4eOqcYjEDJ/itSJa32ISaI3HeDTpdd.d3O','profile_pic.jpg','2024-03-20 03:00:11',0,0,NULL),(37,'maybe','','hanwei','lol@gmail.com','$2y$10$TpUGXFSHKbl6HWf9POfYpehO8G2FA2oomUQveuVbGpbeg08bmacq2','profile_pic.jpg','2024-03-20 03:01:08',0,0,NULL),(39,'shermaine','shermaine','chin','sshermaineex@gmail.com','$2y$10$.5x0iSVDI6AfxuFB1P4ruuyDIg33et1DU7b4oRNFZ/Pj4Rivjb3BG','367f918571959eb12d9143db08c39833.gif','2024-03-20 08:26:36',1,0,NULL),(40,'jordan22','u','chan','jordanchanxj@gmail.com','$2y$10$TcN07P/Pwwa9MVb0jY8LCeFeiUHfSJoomqIIT6o7ZpUvnZ2iU6Lqm','STAR+RL.png','2024-03-20 08:27:13',1,1,NULL),(44,'kieferchin','kiefer','chin','kiefer@gmail.com','$2y$10$91x6phNiKArtVg7lDaW/zeGGM0IgYyIcw09CX9/s./UYph51gYU0e','download.jpeg','2024-03-20 08:40:54',0,0,NULL),(45,'hanwe','','hanwei','hajwe@gmail.com','$2y$10$msRPDepsWz7UwYQ8bCqbA.ggzi5YxVI/80GxEFA/Unj.Xy5jMCdzW','profile_pic.jpg','2024-03-20 08:51:30',0,0,NULL),(49,'ordan','s','s','s@s.com','s','hi.jpg','2024-03-21 07:42:31',1,1,NULL),(51,'crystal','Crystal','Poon','2301927@sit.singaporetech.edu.sg','$2y$10$aK1VRLybVRZ6/nd5XY2kTuKCbK7rLqOwb.GY0iof0D7tOEA5FoZ/q','profile_pic.jpg','2024-03-21 10:12:23',0,1,NULL),(53,'crystalishungry','Cillian','Murphy','crystal.pmh@outlook.com','$2y$10$FzXD1fobp6kV3M1DZv55LOQUHLBMefaIQGIoMKp6KzZRdxu0xbdAi','bigapple.png','2024-03-26 16:24:15',1,0,NULL),(55,'bodoh','Ice','Kachang','ice@kachang.reg','$2y$10$WhVEILZEtEVrE0dHuneBp.Do16cGdvENkegsKkV0YFAaZhpzn9iTW','profile_pic.jpg','2024-03-31 07:02:40',0,0,NULL),(59,'jordan123','jordan','jordan','jordanjordan@jordan.com','$2y$10$8egYHur.bcKHc5wQXBss8.ApOIUrm3MWZYPhL6FpICipg0zLErn1C','profile_pic.jpg','2024-04-01 18:00:42',0,0,NULL),(60,'Aer23','Jordan','Chan','ilovechocolatelalala@gmail.com','$2y$10$HFFEQZtPGnVixHDXT2j1wOuRaHsq.ZgJEcqPjX1jTnOh95wT8n4Ta','profile_pic.jpg','2024-04-01 18:07:48',0,0,NULL),(64,'charis','charis','s','jiaen.soo@gmail.com','$2y$10$r1PPum6fbjg2nC2lY8EJweq.kXIc.C7LuH8YR/W9Z8LoM852iQ2KW','profile_pic.jpg','2024-04-02 16:49:53',1,1,NULL),(68,'crystalishere','Crystal','Poon','minhui00@gmail.com','$2y$10$OIVlCjRzXmwDjBSfymy7GuI3PN9wls1hoaFD1ZIQbzs8PLWAUKa8y','profile_pic.jpg','2024-04-03 11:15:56',1,0,NULL),(69,'ris','charis','s','soojiaen.charis@gmail.com','$2y$10$U2dhPA0hLhNMTkwiLjfDnOktzPOBfLX8SDGCorsmxe3wVwUqgBqv6','profile_pic.jpg','2024-04-03 11:16:33',1,0,NULL),(71,'reinamisu','shermaine','chin','reinamisu127@gmail.com','$2y$10$6kUNLv7kxQaWtbXi7jNcmOgqqPTOuHrloQJ1/Z07ViALjhEgYeVz6','profile_pic.jpg','2024-04-05 04:46:31',1,1,NULL),(72,'admin','Admin','Account','admin@cinemastream.com','$2y$10$6lAHoC.Rzi4MAoIEusLcy.bAxCUX.eMdjyiPVpiRVDTXYQD1UVsJG','profile_pic.jpg','2024-04-05 08:56:04',1,1,NULL),(73,'user','User','Account','user@cinemastream.com','$2y$10$1tsBGvNYY8FPvLy8Qi3Qtu9M7uUWs1IQxuAFLcDEqsXT8988qldWG','elf_front_idle.png','2024-04-05 08:57:45',1,0,NULL),(74,'davejohnson','dave','johnson','dave@gmail.com','$2y$10$xVY8rZ08najYzd7czpk.W.YkZ2Zj.Jz2jpTDzPBGnTWdAejUsYlli','profile_pic.jpg','2024-04-18 06:42:19',0,0,NULL);
/*!40000 ALTER TABLE `users` ENABLE KEYS */;
UNLOCK TABLES;
/*!40103 SET TIME_ZONE=@OLD_TIME_ZONE */;

/*!40101 SET SQL_MODE=@OLD_SQL_MODE */;
/*!40014 SET FOREIGN_KEY_CHECKS=@OLD_FOREIGN_KEY_CHECKS */;
/*!40014 SET UNIQUE_CHECKS=@OLD_UNIQUE_CHECKS */;
/*!40101 SET CHARACTER_SET_CLIENT=@OLD_CHARACTER_SET_CLIENT */;
/*!40101 SET CHARACTER_SET_RESULTS=@OLD_CHARACTER_SET_RESULTS */;
/*!40101 SET COLLATION_CONNECTION=@OLD_COLLATION_CONNECTION */;
/*!40111 SET SQL_NOTES=@OLD_SQL_NOTES */;

-- Dump completed on 2024-09-24 22:49:21
